[33m▲ [43;33m[[43;30mWARNING[43;33m][0m [1mProxy environment variables detected. We'll use your proxy for fetch requests.[0m



 ⛅️ wrangler 4.147.0
────────────────────
No Functions. Shimming...
✨ Parsed 11 valid redirect rules.
✨ Parsed 8 valid header rules.
Your Worker has access to the following bindings:
Binding                                                                   Resource                  Mode
env.CF_PAGES ("1")                                                        Environment Variable      local
env.CF_PAGES_BRANCH ("local")                                             Environment Variable      local
env.CF_PAGES_COMMIT_SHA ("0000000000000000000000000000000000000...")      Environment Variable      local
env.CF_PAGES_URL ("https://00000000.rc3.pages.dev")                       Environment Variable      local

⎔ Starting local server...
[wrangler:warn] Unable to fetch the `Request.cf` object! Falling back to a default placeholder...
TimeoutError: The operation was aborted due to timeout
    at new DOMException (node:internal/per_context/domexception:76:18)
    at Timeout._onTimeout (node:internal/abort_controller:210:9)
    at listOnTimeout (node:internal/timers:635:17)
    at process.processTimers (node:internal/timers:571:7)
    at /workspace/scratch/8f5130b2b757/rc2/node_modules/undici/index.js:157:7
    at async setupCf (/workspace/scratch/8f5130b2b757/rc2/node_modules/miniflare/dist/src/index.js:68210:17)
    at async #assembleConfig (/workspace/scratch/8f5130b2b757/rc2/node_modules/miniflare/dist/src/index.js:124352:21)
    at async #assembleAndUpdateConfig (/workspace/scratch/8f5130b2b757/rc2/node_modules/miniflare/dist/src/index.js:124745:21)
    at async /workspace/scratch/8f5130b2b757/rc2/node_modules/miniflare/dist/src/index.js:123556:7
    at async Mutex.runWith (/workspace/scratch/8f5130b2b757/rc2/node_modules/miniflare/dist/src/index.js:70205:16)
[wrangler:warn] Unable to fetch the `Request.cf` object! Falling back to a default placeholder...
TimeoutError: The operation was aborted due to timeout
    at new DOMException (node:internal/per_context/domexception:76:18)
    at Timeout._onTimeout (node:internal/abort_controller:210:9)
    at listOnTimeout (node:internal/timers:635:17)
    at process.processTimers (node:internal/timers:571:7)
    at /workspace/scratch/8f5130b2b757/rc2/node_modules/undici/index.js:157:7
    at async setupCf (/workspace/scratch/8f5130b2b757/rc2/node_modules/miniflare/dist/src/index.js:68210:17)
    at async #assembleConfig (/workspace/scratch/8f5130b2b757/rc2/node_modules/miniflare/dist/src/index.js:124352:21)
    at async #assembleAndUpdateConfig (/workspace/scratch/8f5130b2b757/rc2/node_modules/miniflare/dist/src/index.js:124745:21)
    at async /workspace/scratch/8f5130b2b757/rc2/node_modules/miniflare/dist/src/index.js:123556:7
    at async Mutex.runWith (/workspace/scratch/8f5130b2b757/rc2/node_modules/miniflare/dist/src/index.js:70205:16)
    at async #waitForReady (/workspace/scratch/8f5130b2b757/rc2/node_modules/miniflare/dist/src/index.js:124930:5)
    at async #onBundleComplete (/workspace/scratch/8f5130b2b757/rc2/node_modules/wrangler/wrangler-dist/cli.js:364812:33)
    at async Mutex.runWith (/workspace/scratch/8f5130b2b757/rc2/node_modules/miniflare/dist/src/index.js:70205:16)
[wrangler:info] Ready on http://127.0.0.1:8788
[wrangler:info] GET / 200 OK (144ms)
[wrangler:info] GET /light-sport-prebuy-evaluation 200 OK (4ms)
[wrangler:info] GET /light-sport-prebuy-evaluation.html 308 Permanent Redirect (4ms)
[wrangler:info] GET /light-sport-prebuy-evaluation 200 OK (4ms)
[wrangler:info] GET /light-sport-prebuy-evaluation/ 308 Permanent Redirect (4ms)
[wrangler:info] GET /light-sport-prebuy-evaluation 200 OK (4ms)
[wrangler:info] GET /rotax-912-high-oil-temperature 200 OK (3ms)
[wrangler:info] GET /rotax-912-high-oil-temperature.html 308 Permanent Redirect (3ms)
[wrangler:info] GET /rotax-912-high-oil-temperature 200 OK (3ms)
[wrangler:info] GET /rotax-912-high-oil-temperature/ 308 Permanent Redirect (3ms)
[wrangler:info] GET /rotax-912-high-oil-temperature 200 OK (3ms)
[wrangler:info] GET /s-lsa-e-lsa-maintenance 200 OK (3ms)
[wrangler:info] GET /s-lsa-e-lsa-maintenance.html 308 Permanent Redirect (2ms)
[wrangler:info] GET /s-lsa-e-lsa-maintenance 200 OK (3ms)
[wrangler:info] GET /s-lsa-e-lsa-maintenance/ 308 Permanent Redirect (3ms)
[wrangler:info] GET /s-lsa-e-lsa-maintenance 200 OK (2ms)
[wrangler:info] GET /privacy 200 OK (3ms)
[wrangler:info] GET /privacy.html 308 Permanent Redirect (2ms)
[wrangler:info] GET /privacy 200 OK (3ms)
[wrangler:info] GET /privacy/ 308 Permanent Redirect (2ms)
[wrangler:info] GET /privacy 200 OK (4ms)
[wrangler:info] GET /the-lima-charlie-aero-standard 200 OK (3ms)
[wrangler:info] GET /the-lima-charlie-aero-standard.html 308 Permanent Redirect (2ms)
[wrangler:info] GET /the-lima-charlie-aero-standard 200 OK (3ms)
[wrangler:info] GET /the-lima-charlie-aero-standard/ 308 Permanent Redirect (3ms)
[wrangler:info] GET /the-lima-charlie-aero-standard 200 OK (3ms)
[wrangler:info] GET /rotax-engine-systems-support 200 OK (3ms)
[wrangler:info] GET /rotax-engine-systems-support.html 308 Permanent Redirect (3ms)
[wrangler:info] GET /rotax-engine-systems-support 200 OK (3ms)
[wrangler:info] GET /rotax-engine-systems-support/ 308 Permanent Redirect (3ms)
[wrangler:info] GET /rotax-engine-systems-support 200 OK (3ms)
[wrangler:info] GET /rotax-ignition-ecu-electrical-faults 200 OK (3ms)
[wrangler:info] GET /rotax-ignition-ecu-electrical-faults.html 308 Permanent Redirect (8ms)
[wrangler:info] GET /rotax-ignition-ecu-electrical-faults 200 OK (4ms)
[wrangler:info] GET /rotax-ignition-ecu-electrical-faults/ 308 Permanent Redirect (3ms)
[wrangler:info] GET /rotax-ignition-ecu-electrical-faults 200 OK (2ms)
[wrangler:info] GET /404 200 OK (4ms)
[wrangler:info] GET /404.html 308 Permanent Redirect (2ms)
[wrangler:info] GET /404 200 OK (2ms)
[wrangler:info] GET /404/ 308 Permanent Redirect (2ms)
[wrangler:info] GET /404 200 OK (2ms)
[wrangler:info] GET /joseph-helminiak-bio 200 OK (2ms)
[wrangler:info] GET /joseph-helminiak-bio.html 308 Permanent Redirect (2ms)
[wrangler:info] GET /joseph-helminiak-bio 200 OK (4ms)
[wrangler:info] GET /joseph-helminiak-bio/ 308 Permanent Redirect (2ms)
[wrangler:info] GET /joseph-helminiak-bio 200 OK (2ms)
[wrangler:info] GET /rotax-gearbox-propeller-vibration 200 OK (2ms)
[wrangler:info] GET /rotax-gearbox-propeller-vibration.html 308 Permanent Redirect (2ms)
[wrangler:info] GET /rotax-gearbox-propeller-vibration 200 OK (2ms)
[wrangler:info] GET /rotax-gearbox-propeller-vibration/ 308 Permanent Redirect (2ms)
[wrangler:info] GET /rotax-gearbox-propeller-vibration 200 OK (2ms)
[wrangler:info] GET /support-request 200 OK (2ms)
[wrangler:info] GET /support-request.html 308 Permanent Redirect (3ms)
[wrangler:info] GET /support-request 200 OK (5ms)
[wrangler:info] GET /support-request/ 308 Permanent Redirect (3ms)
[wrangler:info] GET /support-request 200 OK (3ms)
[wrangler:info] GET /service-area 200 OK (4ms)
[wrangler:info] GET /service-area.html 308 Permanent Redirect (2ms)
[wrangler:info] GET /service-area 200 OK (4ms)
[wrangler:info] GET /service-area/ 308 Permanent Redirect (2ms)
[wrangler:info] GET /service-area 200 OK (3ms)
[wrangler:info] GET /rotax-installation-review 200 OK (3ms)
[wrangler:info] GET /rotax-installation-review.html 308 Permanent Redirect (3ms)
[wrangler:info] GET /rotax-installation-review 200 OK (2ms)
[wrangler:info] GET /rotax-installation-review/ 308 Permanent Redirect (2ms)
[wrangler:info] GET /rotax-installation-review 200 OK (3ms)
[wrangler:info] GET /light-sport-experimental-avionics 200 OK (5ms)
[wrangler:info] GET /light-sport-experimental-avionics.html 308 Permanent Redirect (2ms)
[wrangler:info] GET /light-sport-experimental-avionics 200 OK (4ms)
[wrangler:info] GET /light-sport-experimental-avionics/ 308 Permanent Redirect (3ms)
[wrangler:info] GET /light-sport-experimental-avionics 200 OK (3ms)
[wrangler:info] GET /faq 200 OK (3ms)
[wrangler:info] GET /faq.html 308 Permanent Redirect (7ms)
[wrangler:info] GET /faq 200 OK (3ms)
[wrangler:info] GET /faq/ 308 Permanent Redirect (3ms)
[wrangler:info] GET /faq 200 OK (2ms)
[wrangler:info] GET / 200 OK (3ms)
[wrangler:info] GET /index.html 308 Permanent Redirect (4ms)
[wrangler:info] GET / 200 OK (2ms)
[wrangler:info] GET /rotax-915-916-turbo-ems-support 200 OK (3ms)
[wrangler:info] GET /rotax-915-916-turbo-ems-support.html 308 Permanent Redirect (2ms)
[wrangler:info] GET /rotax-915-916-turbo-ems-support 200 OK (2ms)
[wrangler:info] GET /rotax-915-916-turbo-ems-support/ 308 Permanent Redirect (2ms)
[wrangler:info] GET /rotax-915-916-turbo-ems-support 200 OK (3ms)
[wrangler:info] GET /image-credits 200 OK (3ms)
[wrangler:info] GET /image-credits.html 308 Permanent Redirect (2ms)
[wrangler:info] GET /image-credits 200 OK (2ms)
[wrangler:info] GET /image-credits/ 308 Permanent Redirect (2ms)
[wrangler:info] GET /image-credits 200 OK (3ms)
[wrangler:info] GET /thank-you 200 OK (2ms)
[wrangler:info] GET /thank-you.html 308 Permanent Redirect (2ms)
[wrangler:info] GET /thank-you 200 OK (2ms)
[wrangler:info] GET /thank-you/ 308 Permanent Redirect (3ms)
[wrangler:info] GET /thank-you 200 OK (3ms)
[wrangler:info] GET /rotax-fuel-pressure-fuel-delivery-problems 200 OK (4ms)
[wrangler:info] GET /rotax-fuel-pressure-fuel-delivery-problems.html 308 Permanent Redirect (2ms)
[wrangler:info] GET /rotax-fuel-pressure-fuel-delivery-problems 200 OK (2ms)
[wrangler:info] GET /rotax-fuel-pressure-fuel-delivery-problems/ 308 Permanent Redirect (2ms)
[wrangler:info] GET /rotax-fuel-pressure-fuel-delivery-problems 200 OK (2ms)
[wrangler:info] GET /card 200 OK (2ms)
[wrangler:info] GET /card.html 308 Permanent Redirect (2ms)
[wrangler:info] GET /card 200 OK (2ms)
[wrangler:info] GET /card/ 308 Permanent Redirect (2ms)
[wrangler:info] GET /card 200 OK (3ms)
[wrangler:info] GET /about-credentials 200 OK (2ms)
[wrangler:info] GET /about-credentials.html 308 Permanent Redirect (2ms)
[wrangler:info] GET /about-credentials 200 OK (2ms)
[wrangler:info] GET /about-credentials/ 308 Permanent Redirect (2ms)
[wrangler:info] GET /about-credentials 200 OK (2ms)
[wrangler:info] GET /e-props-dealer-support 200 OK (4ms)
[wrangler:info] GET /e-props-dealer-support.html 308 Permanent Redirect (2ms)
[wrangler:info] GET /e-props-dealer-support 200 OK (3ms)
[wrangler:info] GET /e-props-dealer-support/ 308 Permanent Redirect (3ms)
[wrangler:info] GET /e-props-dealer-support 200 OK (4ms)
[wrangler:info] GET /rotax-9-series-912-914-915-916-support 200 OK (3ms)
[wrangler:info] GET /rotax-9-series-912-914-915-916-support.html 308 Permanent Redirect (2ms)
[wrangler:info] GET /rotax-9-series-912-914-915-916-support 200 OK (3ms)
[wrangler:info] GET /rotax-9-series-912-914-915-916-support/ 308 Permanent Redirect (2ms)
[wrangler:info] GET /rotax-9-series-912-914-915-916-support 200 OK (3ms)
[wrangler:info] GET /contact 200 OK (3ms)
[wrangler:info] GET /contact.html 308 Permanent Redirect (4ms)
[wrangler:info] GET /contact 200 OK (4ms)
[wrangler:info] GET /contact/ 308 Permanent Redirect (4ms)
[wrangler:info] GET /contact 200 OK (3ms)
[wrangler:info] GET /aircraft-records-review 200 OK (3ms)
[wrangler:info] GET /aircraft-records-review.html 308 Permanent Redirect (2ms)
[wrangler:info] GET /aircraft-records-review 200 OK (4ms)
[wrangler:info] GET /aircraft-records-review/ 308 Permanent Redirect (5ms)
[wrangler:info] GET /aircraft-records-review 200 OK (4ms)
[wrangler:info] GET /rotax-rubber-hose-replacement-fluid-leaks 200 OK (4ms)
[wrangler:info] GET /rotax-rubber-hose-replacement-fluid-leaks.html 308 Permanent Redirect (3ms)
[wrangler:info] GET /rotax-rubber-hose-replacement-fluid-leaks 200 OK (3ms)
[wrangler:info] GET /rotax-rubber-hose-replacement-fluid-leaks/ 308 Permanent Redirect (3ms)
[wrangler:info] GET /rotax-rubber-hose-replacement-fluid-leaks 200 OK (2ms)
[wrangler:info] GET /rotax-912-mag-drop-troubleshooting 200 OK (4ms)
[wrangler:info] GET /rotax-912-mag-drop-troubleshooting.html 308 Permanent Redirect (3ms)
[wrangler:info] GET /rotax-912-mag-drop-troubleshooting 200 OK (2ms)
[wrangler:info] GET /rotax-912-mag-drop-troubleshooting/ 308 Permanent Redirect (5ms)
[wrangler:info] GET /rotax-912-mag-drop-troubleshooting 200 OK (3ms)
[wrangler:info] GET /rotax-cooling-oil-temperature-problems 200 OK (3ms)
[wrangler:info] GET /rotax-cooling-oil-temperature-problems.html 308 Permanent Redirect (3ms)
[wrangler:info] GET /rotax-cooling-oil-temperature-problems 200 OK (6ms)
[wrangler:info] GET /rotax-cooling-oil-temperature-problems/ 308 Permanent Redirect (3ms)
[wrangler:info] GET /rotax-cooling-oil-temperature-problems 200 OK (4ms)
[wrangler:info] GET /rotax-912-carb-sync 200 OK (5ms)
[wrangler:info] GET /rotax-912-carb-sync.html 308 Permanent Redirect (3ms)
[wrangler:info] GET /rotax-912-carb-sync 200 OK (3ms)
[wrangler:info] GET /rotax-912-carb-sync/ 308 Permanent Redirect (3ms)
[wrangler:info] GET /rotax-912-carb-sync 200 OK (3ms)
[wrangler:info] GET /security-disclosure 200 OK (2ms)
[wrangler:info] GET /security-disclosure.html 308 Permanent Redirect (2ms)
[wrangler:info] GET /security-disclosure 200 OK (2ms)
[wrangler:info] GET /security-disclosure/ 308 Permanent Redirect (3ms)
[wrangler:info] GET /security-disclosure 200 OK (3ms)
[wrangler:info] GET /services 200 OK (3ms)
[wrangler:info] GET /services.html 308 Permanent Redirect (3ms)
[wrangler:info] GET /services 200 OK (2ms)
[wrangler:info] GET /services/ 308 Permanent Redirect (2ms)
[wrangler:info] GET /services 200 OK (2ms)
[wrangler:info] GET /rotax-gearbox-notice 200 OK (3ms)
[wrangler:info] GET /rotax-gearbox-notice.html 308 Permanent Redirect (3ms)
[wrangler:info] GET /rotax-gearbox-notice 200 OK (2ms)
[wrangler:info] GET /rotax-gearbox-notice/ 308 Permanent Redirect (2ms)
[wrangler:info] GET /rotax-gearbox-notice 200 OK (2ms)
[wrangler:info] GET /rotax-turbocharger-notice 200 OK (3ms)
[wrangler:info] GET /rotax-turbocharger-notice.html 308 Permanent Redirect (2ms)
[wrangler:info] GET /rotax-turbocharger-notice 200 OK (3ms)
[wrangler:info] GET /rotax-turbocharger-notice/ 308 Permanent Redirect (2ms)
[wrangler:info] GET /rotax-turbocharger-notice 200 OK (2ms)
[wrangler:info] GET /start-with-the-symptom 200 OK (3ms)
[wrangler:info] GET /start-with-the-symptom.html 308 Permanent Redirect (3ms)
[wrangler:info] GET /start-with-the-symptom 200 OK (2ms)
[wrangler:info] GET /start-with-the-symptom/ 308 Permanent Redirect (2ms)
[wrangler:info] GET /start-with-the-symptom 200 OK (4ms)
[wrangler:info] GET /prebuy-first-inquiry 200 OK (2ms)
[wrangler:info] GET /prebuy-first-inquiry.html 308 Permanent Redirect (2ms)
[wrangler:info] GET /prebuy-first-inquiry 200 OK (6ms)
[wrangler:info] GET /prebuy-first-inquiry/ 308 Permanent Redirect (2ms)
[wrangler:info] GET /prebuy-first-inquiry 200 OK (2ms)
[wrangler:info] GET /planning-service-downtime 200 OK (2ms)
[wrangler:info] GET /planning-service-downtime.html 308 Permanent Redirect (2ms)
[wrangler:info] GET /planning-service-downtime 200 OK (2ms)
[wrangler:info] GET /planning-service-downtime/ 308 Permanent Redirect (2ms)
[wrangler:info] GET /planning-service-downtime 200 OK (2ms)
[wrangler:info] GET /updates 200 OK (3ms)
[wrangler:info] GET /updates.html 308 Permanent Redirect (2ms)
[wrangler:info] GET /updates 200 OK (2ms)
[wrangler:info] GET /updates/ 308 Permanent Redirect (2ms)
[wrangler:info] GET /updates 200 OK (2ms)
[wrangler:info] GET /owner-notices 200 OK (2ms)
[wrangler:info] GET /owner-notices.html 308 Permanent Redirect (2ms)
[wrangler:info] GET /owner-notices 200 OK (2ms)
[wrangler:info] GET /owner-notices/ 308 Permanent Redirect (2ms)
[wrangler:info] GET /owner-notices 200 OK (2ms)
[wrangler:info] GET /e-props-usa-dealer-support 301 Moved Permanently (3ms)
[wrangler:info] GET /e-props-dealer-support 200 OK (2ms)
[wrangler:info] GET /e-props-usa-dealer-support.html 301 Moved Permanently (2ms)
[wrangler:info] GET /e-props-dealer-support 200 OK (2ms)
[wrangler:info] GET /rotax-912-rubber-replacement 301 Moved Permanently (3ms)
[wrangler:info] GET /rotax-rubber-hose-replacement-fluid-leaks 200 OK (2ms)
[wrangler:info] GET /prebuy 301 Moved Permanently (2ms)
[wrangler:info] GET /light-sport-prebuy-evaluation 200 OK (6ms)
[wrangler:info] GET /unknown-release-test-route 404 Not Found (4ms)
[wrangler:info] GET /_headers 302 Found (2ms)
[wrangler:info] GET /__missing-config-resource 404 Not Found (2ms)
[wrangler:info] GET /_redirects 302 Found (4ms)
[wrangler:info] GET /__missing-config-resource 404 Not Found (3ms)
[wrangler:info] GET /card 200 OK (2ms)
[wrangler:info] GET /assets/downloads/joseph-helminiak-lima-charlie-aero.7e240debe3e5.vcf 200 OK (3ms)
[wrangler:info] GET /assets/site.9c2cf9b141c1.css 200 OK (2ms)
[wrangler:info] GET / 200 OK (3ms)
[wrangler:info] GET /light-sport-prebuy-evaluation 200 OK (4ms)
[wrangler:info] GET /assets/site.fb5243d5f72f.js 200 OK (4ms)
[wrangler:info] GET /assets/brand/header-wordmark.414fb23bd2e3.webp 200 OK (3ms)
[wrangler:info] GET /assets/brand/header-icon.b0db5ea0b294.webp 200 OK (4ms)
[wrangler:info] GET /assets/images/proof/aircraft-open-cowling-under-canopy-800-responsive-400.7c41497e88ac.webp 200 OK (13ms)
[wrangler:info] GET /assets/images/proof/lca-logbook-work-sticker-proof-800-responsive-400.a263ba78cf33.webp 200 OK (12ms)
[wrangler:info] GET /light-sport-prebuy-evaluation 200 OK (4ms)
[wrangler:info] GET /assets/site.fb5243d5f72f.js 200 OK (4ms)
[wrangler:info] GET /assets/brand/header-icon.b0db5ea0b294.webp 200 OK (5ms)
[wrangler:info] GET /assets/brand/header-wordmark.414fb23bd2e3.webp 200 OK (7ms)
[wrangler:info] GET /assets/images/proof/aircraft-open-cowling-under-canopy-800-responsive-400.7c41497e88ac.webp 200 OK (7ms)
[wrangler:info] GET /assets/images/proof/lca-logbook-work-sticker-proof-800-responsive-400.a263ba78cf33.webp 200 OK (7ms)
[wrangler:info] GET /light-sport-prebuy-evaluation 200 OK (5ms)
[wrangler:info] GET /assets/site.fb5243d5f72f.js 200 OK (5ms)
[wrangler:info] GET /assets/brand/header-icon.b0db5ea0b294.webp 200 OK (7ms)
[wrangler:info] GET /assets/brand/header-wordmark.414fb23bd2e3.webp 200 OK (8ms)
[wrangler:info] GET /assets/images/proof/aircraft-open-cowling-under-canopy-800-responsive-400.7c41497e88ac.webp 200 OK (5ms)
[wrangler:info] GET /assets/images/proof/lca-logbook-work-sticker-proof-800-responsive-400.a263ba78cf33.webp 200 OK (6ms)
[wrangler:info] GET /light-sport-prebuy-evaluation 200 OK (4ms)
[wrangler:info] GET /assets/site.fb5243d5f72f.js 200 OK (5ms)
[wrangler:info] GET /assets/brand/header-icon.b0db5ea0b294.webp 200 OK (6ms)
[wrangler:info] GET /assets/brand/header-wordmark.414fb23bd2e3.webp 200 OK (7ms)
[wrangler:info] GET /assets/images/proof/aircraft-open-cowling-under-canopy-800.76f942ad3352.webp 200 OK (5ms)
[wrangler:info] GET /assets/images/proof/lca-logbook-work-sticker-proof-800.223667ddc620.webp 200 OK (5ms)
[wrangler:info] GET /light-sport-prebuy-evaluation 200 OK (4ms)
[wrangler:info] GET /assets/site.fb5243d5f72f.js 200 OK (8ms)
[wrangler:info] GET /assets/brand/header-icon.b0db5ea0b294.webp 200 OK (8ms)
[wrangler:info] GET /assets/brand/header-wordmark.414fb23bd2e3.webp 200 OK (9ms)
[wrangler:info] GET /assets/images/proof/aircraft-open-cowling-under-canopy-800.76f942ad3352.webp 200 OK (4ms)
[wrangler:info] GET /assets/images/proof/lca-logbook-work-sticker-proof-800.223667ddc620.webp 200 OK (5ms)
[wrangler:info] GET /light-sport-prebuy-evaluation 200 OK (4ms)
[wrangler:info] GET /assets/site.fb5243d5f72f.js 200 OK (4ms)
[wrangler:info] GET /assets/brand/header-icon.b0db5ea0b294.webp 200 OK (7ms)
[wrangler:info] GET /assets/brand/header-wordmark.414fb23bd2e3.webp 200 OK (7ms)
[wrangler:info] GET /assets/images/proof/aircraft-open-cowling-under-canopy-800.76f942ad3352.webp 200 OK (3ms)
[wrangler:info] GET /assets/images/proof/lca-logbook-work-sticker-proof-800.223667ddc620.webp 200 OK (4ms)
[wrangler:info] GET /light-sport-prebuy-evaluation 200 OK (5ms)
[wrangler:info] GET /assets/site.fb5243d5f72f.js 200 OK (3ms)
[wrangler:info] GET /assets/brand/header-icon.b0db5ea0b294.webp 200 OK (3ms)
[wrangler:info] GET /assets/brand/header-wordmark.414fb23bd2e3.webp 200 OK (4ms)
[wrangler:info] GET /assets/images/proof/aircraft-open-cowling-under-canopy-800-responsive-400.7c41497e88ac.webp 200 OK (6ms)
[wrangler:info] GET /assets/images/proof/lca-logbook-work-sticker-proof-800-responsive-400.a263ba78cf33.webp 200 OK (5ms)
[wrangler:info] GET /rotax-912-high-oil-temperature 200 OK (4ms)
[wrangler:info] GET /assets/site.fb5243d5f72f.js 200 OK (5ms)
[wrangler:info] GET /assets/brand/header-icon.b0db5ea0b294.webp 200 OK (6ms)
[wrangler:info] GET /assets/brand/header-wordmark.414fb23bd2e3.webp 200 OK (8ms)
[wrangler:info] GET /assets/images/proof/xps-oil-rotax-filter-service-800-responsive-400.9d1853f83ce2.webp 200 OK (5ms)
[wrangler:info] GET /rotax-912-high-oil-temperature 200 OK (6ms)
[wrangler:info] GET /assets/site.fb5243d5f72f.js 200 OK (5ms)
[wrangler:info] GET /assets/brand/header-icon.b0db5ea0b294.webp 200 OK (8ms)
[wrangler:info] GET /assets/brand/header-wordmark.414fb23bd2e3.webp 200 OK (7ms)
[wrangler:info] GET /assets/images/proof/xps-oil-rotax-filter-service-800-responsive-400.9d1853f83ce2.webp 200 OK (4ms)
[wrangler:info] GET /rotax-912-high-oil-temperature 200 OK (4ms)
[wrangler:info] GET /assets/site.fb5243d5f72f.js 200 OK (4ms)
[wrangler:info] GET /assets/brand/header-icon.b0db5ea0b294.webp 200 OK (4ms)
[wrangler:info] GET /assets/brand/header-wordmark.414fb23bd2e3.webp 200 OK (5ms)
[wrangler:info] GET /assets/images/proof/xps-oil-rotax-filter-service-800-responsive-400.9d1853f83ce2.webp 200 OK (4ms)
[wrangler:info] GET /rotax-912-high-oil-temperature 200 OK (7ms)
[wrangler:info] GET /assets/images/proof/xps-oil-rotax-filter-service-800.81c6c2441472.webp 200 OK (5ms)
[wrangler:info] GET /assets/site.fb5243d5f72f.js 200 OK (66ms)
[wrangler:info] GET /assets/brand/header-wordmark.414fb23bd2e3.webp 200 OK (70ms)
[wrangler:info] GET /assets/brand/header-icon.b0db5ea0b294.webp 200 OK (71ms)
[wrangler:info] GET /assets/images/proof/xps-oil-rotax-filter-service-800.81c6c2441472.webp 200 OK (66ms)
[wrangler:info] GET /rotax-912-high-oil-temperature 200 OK (4ms)
[wrangler:info] GET /assets/site.fb5243d5f72f.js 200 OK (5ms)
[wrangler:info] GET /assets/brand/header-icon.b0db5ea0b294.webp 200 OK (7ms)
[wrangler:info] GET /assets/brand/header-wordmark.414fb23bd2e3.webp 200 OK (8ms)
[wrangler:info] GET /assets/images/proof/xps-oil-rotax-filter-service-800.81c6c2441472.webp 200 OK (3ms)
[wrangler:info] GET /rotax-912-high-oil-temperature 200 OK (8ms)
[wrangler:info] GET /assets/site.fb5243d5f72f.js 200 OK (4ms)
[wrangler:info] GET /assets/brand/header-icon.b0db5ea0b294.webp 200 OK (5ms)
[wrangler:info] GET /assets/brand/header-wordmark.414fb23bd2e3.webp 200 OK (4ms)
[wrangler:info] GET /assets/images/proof/xps-oil-rotax-filter-service-800.81c6c2441472.webp 200 OK (4ms)
[wrangler:info] GET /rotax-912-high-oil-temperature 200 OK (5ms)
[wrangler:info] GET /assets/site.fb5243d5f72f.js 200 OK (5ms)
[wrangler:info] GET /assets/brand/header-icon.b0db5ea0b294.webp 200 OK (5ms)
[wrangler:info] GET /assets/brand/header-wordmark.414fb23bd2e3.webp 200 OK (5ms)
[wrangler:info] GET /assets/images/proof/xps-oil-rotax-filter-service-800-responsive-400.9d1853f83ce2.webp 200 OK (4ms)
[wrangler:info] GET /s-lsa-e-lsa-maintenance 200 OK (3ms)
[wrangler:info] GET /assets/site.fb5243d5f72f.js 200 OK (4ms)
[wrangler:info] GET /assets/brand/header-icon.b0db5ea0b294.webp 200 OK (4ms)
[wrangler:info] GET /assets/brand/header-wordmark.414fb23bd2e3.webp 200 OK (5ms)
[wrangler:info] GET /s-lsa-e-lsa-maintenance 200 OK (3ms)
[wrangler:info] GET /assets/site.fb5243d5f72f.js 200 OK (3ms)
[wrangler:info] GET /assets/brand/header-icon.b0db5ea0b294.webp 200 OK (4ms)
[wrangler:info] GET /assets/brand/header-wordmark.414fb23bd2e3.webp 200 OK (5ms)
[wrangler:info] GET /s-lsa-e-lsa-maintenance 200 OK (3ms)
[wrangler:info] GET /assets/site.fb5243d5f72f.js 200 OK (4ms)
[wrangler:info] GET /assets/brand/header-icon.b0db5ea0b294.webp 200 OK (5ms)
[wrangler:info] GET /assets/brand/header-wordmark.414fb23bd2e3.webp 200 OK (5ms)
[wrangler:info] GET /s-lsa-e-lsa-maintenance 200 OK (4ms)
[wrangler:info] GET /assets/site.fb5243d5f72f.js 200 OK (8ms)
[wrangler:info] GET /assets/brand/header-icon.b0db5ea0b294.webp 200 OK (9ms)
[wrangler:info] GET /assets/brand/header-wordmark.414fb23bd2e3.webp 200 OK (10ms)
[wrangler:info] GET /s-lsa-e-lsa-maintenance 200 OK (4ms)
[wrangler:info] GET /assets/site.fb5243d5f72f.js 200 OK (4ms)
[wrangler:info] GET /assets/brand/header-icon.b0db5ea0b294.webp 200 OK (4ms)
[wrangler:info] GET /assets/brand/header-wordmark.414fb23bd2e3.webp 200 OK (5ms)
[wrangler:info] GET /s-lsa-e-lsa-maintenance 200 OK (5ms)
[wrangler:info] GET /assets/site.fb5243d5f72f.js 200 OK (10ms)
[wrangler:info] GET /assets/brand/header-icon.b0db5ea0b294.webp 200 OK (9ms)
[wrangler:info] GET /assets/brand/header-wordmark.414fb23bd2e3.webp 200 OK (10ms)
[wrangler:info] GET /s-lsa-e-lsa-maintenance 200 OK (4ms)
[wrangler:info] GET /assets/site.fb5243d5f72f.js 200 OK (5ms)
[wrangler:info] GET /assets/brand/header-icon.b0db5ea0b294.webp 200 OK (5ms)
[wrangler:info] GET /assets/brand/header-wordmark.414fb23bd2e3.webp 200 OK (5ms)
[wrangler:info] GET /privacy 200 OK (3ms)
[wrangler:info] GET /assets/site.fb5243d5f72f.js 200 OK (3ms)
[wrangler:info] GET /assets/brand/header-icon.b0db5ea0b294.webp 200 OK (4ms)
[wrangler:info] GET /assets/brand/header-wordmark.414fb23bd2e3.webp 200 OK (4ms)
[wrangler:info] GET /privacy 200 OK (3ms)
[wrangler:info] GET /assets/site.fb5243d5f72f.js 200 OK (3ms)
[wrangler:info] GET /assets/brand/header-icon.b0db5ea0b294.webp 200 OK (3ms)
[wrangler:info] GET /assets/brand/header-wordmark.414fb23bd2e3.webp 200 OK (4ms)
[wrangler:info] GET /privacy 200 OK (3ms)
[wrangler:info] GET /assets/site.fb5243d5f72f.js 200 OK (5ms)
[wrangler:info] GET /assets/brand/header-icon.b0db5ea0b294.webp 200 OK (6ms)
[wrangler:info] GET /assets/brand/header-wordmark.414fb23bd2e3.webp 200 OK (5ms)
[wrangler:info] GET /privacy 200 OK (7ms)
[wrangler:info] GET /assets/site.fb5243d5f72f.js 200 OK (4ms)
[wrangler:info] GET /assets/brand/header-icon.b0db5ea0b294.webp 200 OK (4ms)
[wrangler:info] GET /assets/brand/header-wordmark.414fb23bd2e3.webp 200 OK (4ms)
[wrangler:info] GET /privacy 200 OK (6ms)
[wrangler:info] GET /assets/site.fb5243d5f72f.js 200 OK (4ms)
[wrangler:info] GET /assets/brand/header-icon.b0db5ea0b294.webp 200 OK (7ms)
[wrangler:info] GET /assets/brand/header-wordmark.414fb23bd2e3.webp 200 OK (8ms)
[wrangler:info] GET /privacy 200 OK (4ms)
[wrangler:info] GET /assets/site.fb5243d5f72f.js 200 OK (3ms)
[wrangler:info] GET /assets/brand/header-icon.b0db5ea0b294.webp 200 OK (5ms)
[wrangler:info] GET /assets/brand/header-wordmark.414fb23bd2e3.webp 200 OK (5ms)
[wrangler:info] GET /privacy 200 OK (4ms)
[wrangler:info] GET /assets/site.fb5243d5f72f.js 200 OK (3ms)
[wrangler:info] GET /assets/brand/header-icon.b0db5ea0b294.webp 200 OK (7ms)
[wrangler:info] GET /assets/brand/header-wordmark.414fb23bd2e3.webp 200 OK (6ms)
[wrangler:info] GET /the-lima-charlie-aero-standard 200 OK (4ms)
[wrangler:info] GET /assets/site.fb5243d5f72f.js 200 OK (4ms)
[wrangler:info] GET /assets/brand/header-icon.b0db5ea0b294.webp 200 OK (4ms)
[wrangler:info] GET /assets/brand/header-wordmark.414fb23bd2e3.webp 200 OK (4ms)
[wrangler:info] GET /assets/images/proof/engine-cage-crack-closeup-before-repair-800-responsive-400.a935e0a9d8e2.webp 200 OK (3ms)
[wrangler:info] GET /assets/images/proof/engine-cage-weld-repair-detail-800-responsive-400.30dc3d5de907.webp 200 OK (3ms)
[wrangler:info] GET /assets/images/proof/engine-cage-painted-finished-800-responsive-400.6d6bdb5302af.webp 200 OK (3ms)
[wrangler:info] GET /the-lima-charlie-aero-standard 200 OK (4ms)
[wrangler:info] GET /assets/site.fb5243d5f72f.js 200 OK (4ms)
[wrangler:info] GET /assets/brand/header-icon.b0db5ea0b294.webp 200 OK (5ms)
[wrangler:info] GET /assets/brand/header-wordmark.414fb23bd2e3.webp 200 OK (5ms)
[wrangler:info] GET /assets/images/proof/engine-cage-crack-closeup-before-repair-800-responsive-400.a935e0a9d8e2.webp 200 OK (4ms)
[wrangler:info] GET /assets/images/proof/engine-cage-weld-repair-detail-800-responsive-400.30dc3d5de907.webp 200 OK (4ms)
[wrangler:info] GET /assets/images/proof/engine-cage-painted-finished-800-responsive-400.6d6bdb5302af.webp 200 OK (4ms)
[wrangler:info] GET /the-lima-charlie-aero-standard 200 OK (4ms)
[wrangler:info] GET /assets/site.fb5243d5f72f.js 200 OK (3ms)
[wrangler:info] GET /assets/brand/header-icon.b0db5ea0b294.webp 200 OK (4ms)
[wrangler:info] GET /assets/brand/header-wordmark.414fb23bd2e3.webp 200 OK (5ms)
[wrangler:info] GET /assets/images/proof/engine-cage-crack-closeup-before-repair-800-responsive-400.a935e0a9d8e2.webp 200 OK (5ms)
[wrangler:info] GET /assets/images/proof/engine-cage-weld-repair-detail-800-responsive-400.30dc3d5de907.webp 200 OK (4ms)
[wrangler:info] GET /assets/images/proof/engine-cage-painted-finished-800-responsive-400.6d6bdb5302af.webp 200 OK (5ms)
[wrangler:info] GET /the-lima-charlie-aero-standard 200 OK (4ms)
[wrangler:info] GET /assets/site.fb5243d5f72f.js 200 OK (5ms)
[wrangler:info] GET /assets/brand/header-icon.b0db5ea0b294.webp 200 OK (6ms)
[wrangler:info] GET /assets/brand/header-wordmark.414fb23bd2e3.webp 200 OK (6ms)
[wrangler:info] GET /assets/images/proof/engine-cage-crack-closeup-before-repair-800.9603c885e2bd.webp 200 OK (5ms)
[wrangler:info] GET /assets/images/proof/engine-cage-weld-repair-detail-800.c166537fea0b.webp 200 OK (4ms)
[wrangler:info] GET /assets/images/proof/engine-cage-painted-finished-800.24ae104e5c71.webp 200 OK (3ms)
[wrangler:info] GET /the-lima-charlie-aero-standard 200 OK (4ms)
[wrangler:info] GET /assets/site.fb5243d5f72f.js 200 OK (4ms)
[wrangler:info] GET /assets/brand/header-icon.b0db5ea0b294.webp 200 OK (7ms)
[wrangler:info] GET /assets/brand/header-wordmark.414fb23bd2e3.webp 200 OK (7ms)
[wrangler:info] GET /assets/images/proof/engine-cage-crack-closeup-before-repair-800.9603c885e2bd.webp 200 OK (4ms)
[wrangler:info] GET /assets/images/proof/engine-cage-weld-repair-detail-800.c166537fea0b.webp 200 OK (5ms)
[wrangler:info] GET /assets/images/proof/engine-cage-painted-finished-800.24ae104e5c71.webp 200 OK (5ms)
[wrangler:info] GET /the-lima-charlie-aero-standard 200 OK (3ms)
[wrangler:info] GET /assets/site.fb5243d5f72f.js 200 OK (6ms)
[wrangler:info] GET /assets/brand/header-icon.b0db5ea0b294.webp 200 OK (7ms)
[wrangler:info] GET /assets/brand/header-wordmark.414fb23bd2e3.webp 200 OK (7ms)
[wrangler:info] GET /assets/images/proof/engine-cage-crack-closeup-before-repair-800.9603c885e2bd.webp 200 OK (8ms)
[wrangler:info] GET /assets/images/proof/engine-cage-weld-repair-detail-800.c166537fea0b.webp 200 OK (9ms)
[wrangler:info] GET /assets/images/proof/engine-cage-painted-finished-800.24ae104e5c71.webp 200 OK (5ms)
[wrangler:info] GET /the-lima-charlie-aero-standard 200 OK (4ms)
[wrangler:info] GET /assets/site.fb5243d5f72f.js 200 OK (6ms)
[wrangler:info] GET /assets/brand/header-icon.b0db5ea0b294.webp 200 OK (8ms)
[wrangler:info] GET /assets/brand/header-wordmark.414fb23bd2e3.webp 200 OK (9ms)
[wrangler:info] GET /assets/images/proof/engine-cage-crack-closeup-before-repair-800-responsive-400.a935e0a9d8e2.webp 200 OK (3ms)
[wrangler:info] GET /assets/images/proof/engine-cage-weld-repair-detail-800-responsive-400.30dc3d5de907.webp 200 OK (3ms)
[wrangler:info] GET /assets/images/proof/engine-cage-painted-finished-800-responsive-400.6d6bdb5302af.webp 200 OK (4ms)
[wrangler:info] GET /rotax-engine-systems-support 200 OK (6ms)
[wrangler:info] GET /assets/site.fb5243d5f72f.js 200 OK (3ms)
[wrangler:info] GET /assets/brand/header-icon.b0db5ea0b294.webp 200 OK (5ms)
[wrangler:info] GET /assets/brand/header-wordmark.414fb23bd2e3.webp 200 OK (6ms)
[wrangler:info] GET /assets/images/proof/top-end-parts-organized-shelf-800-responsive-400.29d80cc44199.webp 200 OK (4ms)
[wrangler:info] GET /assets/images/proof/aircraft-open-cowling-under-canopy-800-responsive-400.7c41497e88ac.webp 200 OK (5ms)
[wrangler:info] GET /rotax-engine-systems-support 200 OK (3ms)
[wrangler:info] GET /assets/site.fb5243d5f72f.js 200 OK (3ms)
[wrangler:info] GET /assets/brand/header-icon.b0db5ea0b294.webp 200 OK (3ms)
[wrangler:info] GET /assets/brand/header-wordmark.414fb23bd2e3.webp 200 OK (4ms)
[wrangler:info] GET /assets/images/proof/top-end-parts-organized-shelf-800-responsive-400.29d80cc44199.webp 200 OK (3ms)
[wrangler:info] GET /assets/images/proof/aircraft-open-cowling-under-canopy-800-responsive-400.7c41497e88ac.webp 200 OK (3ms)
[wrangler:info] GET /rotax-engine-systems-support 200 OK (3ms)
[wrangler:info] GET /assets/site.fb5243d5f72f.js 200 OK (3ms)
[wrangler:info] GET /assets/brand/header-icon.b0db5ea0b294.webp 200 OK (4ms)
[wrangler:info] GET /assets/brand/header-wordmark.414fb23bd2e3.webp 200 OK (5ms)
[wrangler:info] GET /assets/images/proof/top-end-parts-organized-shelf-800-responsive-400.29d80cc44199.webp 200 OK (4ms)
[wrangler:info] GET /assets/images/proof/aircraft-open-cowling-under-canopy-800-responsive-400.7c41497e88ac.webp 200 OK (4ms)
[wrangler:info] GET /rotax-engine-systems-support 200 OK (4ms)
[wrangler:info] GET /assets/site.fb5243d5f72f.js 200 OK (3ms)
[wrangler:info] GET /assets/brand/header-icon.b0db5ea0b294.webp 200 OK (4ms)
[wrangler:info] GET /assets/brand/header-wordmark.414fb23bd2e3.webp 200 OK (4ms)
[wrangler:info] GET /assets/images/proof/top-end-parts-organized-shelf-800.a64b3ce4398c.webp 200 OK (5ms)
[wrangler:info] GET /assets/images/proof/aircraft-open-cowling-under-canopy-800.76f942ad3352.webp 200 OK (7ms)
[wrangler:info] GET /rotax-engine-systems-support 200 OK (6ms)
[wrangler:info] GET /assets/site.fb5243d5f72f.js 200 OK (8ms)
[wrangler:info] GET /assets/brand/header-icon.b0db5ea0b294.webp 200 OK (9ms)
[wrangler:info] GET /assets/brand/header-wordmark.414fb23bd2e3.webp 200 OK (13ms)
[wrangler:info] GET /assets/images/proof/top-end-parts-organized-shelf-800.a64b3ce4398c.webp 200 OK (9ms)
[wrangler:info] GET /assets/images/proof/aircraft-open-cowling-under-canopy-800.76f942ad3352.webp 200 OK (11ms)
[wrangler:info] GET /rotax-engine-systems-support 200 OK (4ms)
[wrangler:info] GET /assets/site.fb5243d5f72f.js 200 OK (4ms)
[wrangler:info] GET /assets/brand/header-icon.b0db5ea0b294.webp 200 OK (4ms)
[wrangler:info] GET /assets/brand/header-wordmark.414fb23bd2e3.webp 200 OK (4ms)
[wrangler:info] GET /assets/images/proof/top-end-parts-organized-shelf-800.a64b3ce4398c.webp 200 OK (5ms)
[wrangler:info] GET /assets/images/proof/aircraft-open-cowling-under-canopy-800.76f942ad3352.webp 200 OK (7ms)
[wrangler:info] GET /rotax-engine-systems-support 200 OK (3ms)
[wrangler:info] GET /assets/site.fb5243d5f72f.js 200 OK (7ms)
[wrangler:info] GET /assets/brand/header-icon.b0db5ea0b294.webp 200 OK (6ms)
[wrangler:info] GET /assets/brand/header-wordmark.414fb23bd2e3.webp 200 OK (6ms)
[wrangler:info] GET /assets/images/proof/top-end-parts-organized-shelf-800-responsive-400.29d80cc44199.webp 200 OK (3ms)
[wrangler:info] GET /assets/images/proof/aircraft-open-cowling-under-canopy-800-responsive-400.7c41497e88ac.webp 200 OK (3ms)
[wrangler:info] GET /rotax-ignition-ecu-electrical-faults 200 OK (4ms)
[wrangler:info] GET /assets/site.fb5243d5f72f.js 200 OK (6ms)
[wrangler:info] GET /assets/brand/header-icon.b0db5ea0b294.webp 200 OK (6ms)
[wrangler:info] GET /assets/brand/header-wordmark.414fb23bd2e3.webp 200 OK (6ms)
[wrangler:info] GET /assets/images/proof/voltage-regulator-connector-frayed-800-responsive-400.a9beec34f583.webp 200 OK (3ms)
[wrangler:info] GET /assets/images/proof/soft-start-connector-annotated-800-responsive-400.0ad37afe2f01.webp 200 OK (3ms)
[wrangler:info] GET /assets/images/proof/electrical-connector-close-800-responsive-400.9a4460c30b26.webp 200 OK (3ms)
[wrangler:info] GET /rotax-ignition-ecu-electrical-faults 200 OK (7ms)
[wrangler:info] GET /assets/site.fb5243d5f72f.js 200 OK (3ms)
[wrangler:info] GET /assets/brand/header-icon.b0db5ea0b294.webp 200 OK (4ms)
[wrangler:info] GET /assets/brand/header-wordmark.414fb23bd2e3.webp 200 OK (4ms)
[wrangler:info] GET /assets/images/proof/voltage-regulator-connector-frayed-800-responsive-400.a9beec34f583.webp 200 OK (6ms)
[wrangler:info] GET /assets/images/proof/soft-start-connector-annotated-800-responsive-400.0ad37afe2f01.webp 200 OK (7ms)
[wrangler:info] GET /assets/images/proof/electrical-connector-close-800-responsive-400.9a4460c30b26.webp 200 OK (8ms)
[wrangler:info] GET /rotax-ignition-ecu-electrical-faults 200 OK (4ms)
[wrangler:info] GET /assets/site.fb5243d5f72f.js 200 OK (6ms)
[wrangler:info] GET /assets/brand/header-icon.b0db5ea0b294.webp 200 OK (6ms)
[wrangler:info] GET /assets/brand/header-wordmark.414fb23bd2e3.webp 200 OK (7ms)
[wrangler:info] GET /assets/images/proof/voltage-regulator-connector-frayed-800-responsive-400.a9beec34f583.webp 200 OK (5ms)
[wrangler:info] GET /assets/images/proof/soft-start-connector-annotated-800-responsive-400.0ad37afe2f01.webp 200 OK (5ms)
[wrangler:info] GET /assets/images/proof/electrical-connector-close-800-responsive-400.9a4460c30b26.webp 200 OK (5ms)
[wrangler:info] GET /rotax-ignition-ecu-electrical-faults 200 OK (4ms)
[wrangler:info] GET /assets/site.fb5243d5f72f.js 200 OK (10ms)
[wrangler:info] GET /assets/brand/header-icon.b0db5ea0b294.webp 200 OK (9ms)
[wrangler:info] GET /assets/brand/header-wordmark.414fb23bd2e3.webp 200 OK (10ms)
[wrangler:info] GET /assets/images/proof/voltage-regulator-connector-frayed-800.38107393a7e6.webp 200 OK (6ms)
[wrangler:info] GET /assets/images/proof/electrical-connector-close-800.c94099010869.webp 200 OK (11ms)
[wrangler:info] GET /assets/images/proof/soft-start-connector-annotated-800.ffe322aa836d.webp 200 OK (13ms)
[wrangler:info] GET /rotax-ignition-ecu-electrical-faults 200 OK (4ms)
[wrangler:info] GET /assets/site.fb5243d5f72f.js 200 OK (6ms)
[wrangler:info] GET /assets/brand/header-icon.b0db5ea0b294.webp 200 OK (6ms)
[wrangler:info] GET /assets/brand/header-wordmark.414fb23bd2e3.webp 200 OK (7ms)
[wrangler:info] GET /assets/images/proof/voltage-regulator-connector-frayed-800.38107393a7e6.webp 200 OK (5ms)
[wrangler:info] GET /assets/images/proof/soft-start-connector-annotated-800.ffe322aa836d.webp 200 OK (5ms)
[wrangler:info] GET /assets/images/proof/electrical-connector-close-800.c94099010869.webp 200 OK (6ms)
[wrangler:info] GET /rotax-ignition-ecu-electrical-faults 200 OK (4ms)
[wrangler:info] GET /assets/site.fb5243d5f72f.js 200 OK (3ms)
[wrangler:info] GET /assets/brand/header-icon.b0db5ea0b294.webp 200 OK (3ms)
[wrangler:info] GET /assets/brand/header-wordmark.414fb23bd2e3.webp 200 OK (6ms)
[wrangler:info] GET /assets/images/proof/voltage-regulator-connector-frayed-800.38107393a7e6.webp 200 OK (5ms)
[wrangler:info] GET /assets/images/proof/soft-start-connector-annotated-800.ffe322aa836d.webp 200 OK (6ms)
[wrangler:info] GET /assets/images/proof/electrical-connector-close-800.c94099010869.webp 200 OK (7ms)
[wrangler:info] GET /rotax-ignition-ecu-electrical-faults 200 OK (4ms)
[wrangler:info] GET /assets/site.fb5243d5f72f.js 200 OK (4ms)
[wrangler:info] GET /assets/brand/header-icon.b0db5ea0b294.webp 200 OK (5ms)
[wrangler:info] GET /assets/brand/header-wordmark.414fb23bd2e3.webp 200 OK (6ms)
[wrangler:info] GET /assets/images/proof/voltage-regulator-connector-frayed-800-responsive-400.a9beec34f583.webp 200 OK (5ms)
[wrangler:info] GET /assets/images/proof/soft-start-connector-annotated-800-responsive-400.0ad37afe2f01.webp 200 OK (7ms)
[wrangler:info] GET /assets/images/proof/electrical-connector-close-800-responsive-400.9a4460c30b26.webp 200 OK (7ms)
[wrangler:info] GET /404 200 OK (3ms)
[wrangler:info] GET /assets/site.fb5243d5f72f.js 200 OK (5ms)
[wrangler:info] GET /assets/brand/header-icon.b0db5ea0b294.webp 200 OK (5ms)
[wrangler:info] GET /assets/brand/header-wordmark.414fb23bd2e3.webp 200 OK (6ms)
[wrangler:info] GET /404 200 OK (4ms)
[wrangler:info] GET /assets/site.fb5243d5f72f.js 200 OK (5ms)
[wrangler:info] GET /assets/brand/header-icon.b0db5ea0b294.webp 200 OK (5ms)
[wrangler:info] GET /assets/brand/header-wordmark.414fb23bd2e3.webp 200 OK (5ms)
[wrangler:info] GET /404 200 OK (3ms)
[wrangler:info] GET /assets/site.fb5243d5f72f.js 200 OK (5ms)
[wrangler:info] GET /assets/brand/header-icon.b0db5ea0b294.webp 200 OK (7ms)
[wrangler:info] GET /assets/brand/header-wordmark.414fb23bd2e3.webp 200 OK (5ms)
[wrangler:info] GET /404 200 OK (5ms)
[wrangler:info] GET /assets/site.fb5243d5f72f.js 200 OK (6ms)
[wrangler:info] GET /assets/brand/header-icon.b0db5ea0b294.webp 200 OK (8ms)
[wrangler:info] GET /assets/brand/header-wordmark.414fb23bd2e3.webp 200 OK (8ms)
[wrangler:info] GET /404 200 OK (4ms)
[wrangler:info] GET /assets/site.fb5243d5f72f.js 200 OK (4ms)
[wrangler:info] GET /assets/brand/header-icon.b0db5ea0b294.webp 200 OK (4ms)
[wrangler:info] GET /assets/brand/header-wordmark.414fb23bd2e3.webp 200 OK (8ms)
[wrangler:info] GET /404 200 OK (4ms)
[wrangler:info] GET /assets/site.fb5243d5f72f.js 200 OK (5ms)
[wrangler:info] GET /assets/brand/header-icon.b0db5ea0b294.webp 200 OK (8ms)
[wrangler:info] GET /assets/brand/header-wordmark.414fb23bd2e3.webp 200 OK (7ms)
[wrangler:info] GET /404 200 OK (5ms)
[wrangler:info] GET /assets/site.fb5243d5f72f.js 200 OK (5ms)
[wrangler:info] GET /assets/brand/header-icon.b0db5ea0b294.webp 200 OK (7ms)
[wrangler:info] GET /assets/brand/header-wordmark.414fb23bd2e3.webp 200 OK (7ms)
[wrangler:info] GET /joseph-helminiak-bio 200 OK (4ms)
[wrangler:info] GET /assets/site.fb5243d5f72f.js 200 OK (4ms)
[wrangler:info] GET /assets/brand/header-icon.b0db5ea0b294.webp 200 OK (4ms)
[wrangler:info] GET /assets/brand/header-wordmark.414fb23bd2e3.webp 200 OK (4ms)
[wrangler:info] GET /assets/images/proof/aircraft-side-canopy-joe-working-800.eef2374c7442.webp 200 OK (3ms)
[wrangler:info] GET /joseph-helminiak-bio 200 OK (4ms)
[wrangler:info] GET /assets/site.fb5243d5f72f.js 200 OK (4ms)
[wrangler:info] GET /assets/brand/header-icon.b0db5ea0b294.webp 200 OK (4ms)
[wrangler:info] GET /assets/brand/header-wordmark.414fb23bd2e3.webp 200 OK (5ms)
[wrangler:info] GET /assets/images/proof/aircraft-side-canopy-joe-working-800.eef2374c7442.webp 200 OK (6ms)
[wrangler:info] GET /joseph-helminiak-bio 200 OK (4ms)
[wrangler:info] GET /assets/site.fb5243d5f72f.js 200 OK (9ms)
[wrangler:info] GET /assets/brand/header-icon.b0db5ea0b294.webp 200 OK (9ms)
[wrangler:info] GET /assets/brand/header-wordmark.414fb23bd2e3.webp 200 OK (11ms)
[wrangler:info] GET /assets/images/proof/aircraft-side-canopy-joe-working-800.eef2374c7442.webp 200 OK (5ms)
[wrangler:info] GET /joseph-helminiak-bio 200 OK (6ms)
[wrangler:info] GET /assets/site.fb5243d5f72f.js 200 OK (5ms)
[wrangler:info] GET /assets/brand/header-icon.b0db5ea0b294.webp 200 OK (10ms)
[wrangler:info] GET /assets/brand/header-wordmark.414fb23bd2e3.webp 200 OK (10ms)
[wrangler:info] GET /assets/images/proof/aircraft-side-canopy-joe-working-800.eef2374c7442.webp 200 OK (4ms)
[wrangler:info] GET /joseph-helminiak-bio 200 OK (5ms)
[wrangler:info] GET /assets/site.fb5243d5f72f.js 200 OK (4ms)
[wrangler:info] GET /assets/brand/header-icon.b0db5ea0b294.webp 200 OK (7ms)
[wrangler:info] GET /assets/brand/header-wordmark.414fb23bd2e3.webp 200 OK (8ms)
[wrangler:info] GET /assets/images/proof/aircraft-side-canopy-joe-working-800.eef2374c7442.webp 200 OK (4ms)
[wrangler:info] GET /joseph-helminiak-bio 200 OK (4ms)
[wrangler:info] GET /assets/site.fb5243d5f72f.js 200 OK (4ms)
[wrangler:info] GET /assets/brand/header-icon.b0db5ea0b294.webp 200 OK (5ms)
[wrangler:info] GET /assets/brand/header-wordmark.414fb23bd2e3.webp 200 OK (7ms)
[wrangler:info] GET /assets/images/proof/aircraft-side-canopy-joe-working-800.eef2374c7442.webp 200 OK (4ms)
[wrangler:info] GET /joseph-helminiak-bio 200 OK (5ms)
[wrangler:info] GET /assets/site.fb5243d5f72f.js 200 OK (5ms)
[wrangler:info] GET /assets/brand/header-icon.b0db5ea0b294.webp 200 OK (6ms)
[wrangler:info] GET /assets/brand/header-wordmark.414fb23bd2e3.webp 200 OK (7ms)
[wrangler:info] GET /assets/images/proof/aircraft-side-canopy-joe-working-800.eef2374c7442.webp 200 OK (5ms)
[wrangler:info] GET /rotax-gearbox-propeller-vibration 200 OK (7ms)
[wrangler:info] GET /assets/site.fb5243d5f72f.js 200 OK (5ms)
[wrangler:info] GET /assets/brand/header-icon.b0db5ea0b294.webp 200 OK (4ms)
[wrangler:info] GET /assets/brand/header-wordmark.414fb23bd2e3.webp 200 OK (5ms)
[wrangler:info] GET /assets/images/proof/dynavibe-bad-1-27-ips-800-responsive-400.7eccbeeab39f.webp 200 OK (5ms)
[wrangler:info] GET /assets/images/proof/gearbox-pocket-wear-1-800-responsive-400.e731c95d523f.webp 200 OK (7ms)
[wrangler:info] GET /assets/images/proof/gearbox-pocket-wear-2-800-responsive-400.f7c928281883.webp 200 OK (7ms)
[wrangler:info] GET /assets/images/proof/gearbox-pocket-wear-3-800-responsive-400.a0edf098db9a.webp 200 OK (7ms)
[wrangler:info] GET /assets/images/proof/dynavibe-good-0-04-ips-800-responsive-400.4d1c4743b3dd.webp 200 OK (6ms)
[wrangler:info] GET /assets/images/proof/dynavibe-kit-secured-seat-800-responsive-400.2c7f5513705e.webp 200 OK (6ms)
[wrangler:info] GET /rotax-gearbox-propeller-vibration 200 OK (4ms)
[wrangler:info] GET /assets/site.fb5243d5f72f.js 200 OK (5ms)
[wrangler:info] GET /assets/brand/header-icon.b0db5ea0b294.webp 200 OK (5ms)
[wrangler:info] GET /assets/brand/header-wordmark.414fb23bd2e3.webp 200 OK (7ms)
[wrangler:info] GET /assets/images/proof/dynavibe-bad-1-27-ips-800-responsive-400.7eccbeeab39f.webp 200 OK (6ms)
[wrangler:info] GET /assets/images/proof/gearbox-pocket-wear-1-800-responsive-400.e731c95d523f.webp 200 OK (5ms)
[wrangler:info] GET /assets/images/proof/gearbox-pocket-wear-2-800-responsive-400.f7c928281883.webp 200 OK (6ms)
[wrangler:info] GET /assets/images/proof/gearbox-pocket-wear-3-800-responsive-400.a0edf098db9a.webp 200 OK (7ms)
[wrangler:info] GET /assets/images/proof/dynavibe-good-0-04-ips-800-responsive-400.4d1c4743b3dd.webp 200 OK (4ms)
[wrangler:info] GET /assets/images/proof/dynavibe-kit-secured-seat-800-responsive-400.2c7f5513705e.webp 200 OK (5ms)
[wrangler:info] GET /rotax-gearbox-propeller-vibration 200 OK (4ms)
[wrangler:info] GET /assets/site.fb5243d5f72f.js 200 OK (6ms)
[wrangler:info] GET /assets/brand/header-icon.b0db5ea0b294.webp 200 OK (10ms)
[wrangler:info] GET /assets/brand/header-wordmark.414fb23bd2e3.webp 200 OK (9ms)
[wrangler:info] GET /assets/images/proof/dynavibe-bad-1-27-ips-800-responsive-400.7eccbeeab39f.webp 200 OK (4ms)
[wrangler:info] GET /assets/images/proof/gearbox-pocket-wear-1-800-responsive-400.e731c95d523f.webp 200 OK (4ms)
[wrangler:info] GET /assets/images/proof/gearbox-pocket-wear-2-800-responsive-400.f7c928281883.webp 200 OK (6ms)
[wrangler:info] GET /assets/images/proof/gearbox-pocket-wear-3-800-responsive-400.a0edf098db9a.webp 200 OK (6ms)
[wrangler:info] GET /assets/images/proof/dynavibe-good-0-04-ips-800-responsive-400.4d1c4743b3dd.webp 200 OK (4ms)
[wrangler:info] GET /assets/images/proof/dynavibe-kit-secured-seat-800-responsive-400.2c7f5513705e.webp 200 OK (4ms)
[wrangler:info] GET /rotax-gearbox-propeller-vibration 200 OK (4ms)
[wrangler:info] GET /assets/site.fb5243d5f72f.js 200 OK (5ms)
[wrangler:info] GET /assets/brand/header-icon.b0db5ea0b294.webp 200 OK (6ms)
[wrangler:info] GET /assets/brand/header-wordmark.414fb23bd2e3.webp 200 OK (6ms)
[wrangler:info] GET /assets/images/proof/dynavibe-bad-1-27-ips-800.368614257668.webp 200 OK (7ms)
[wrangler:info] GET /assets/images/proof/gearbox-pocket-wear-1-800.d23d341dfbf1.webp 200 OK (12ms)
[wrangler:info] GET /assets/images/proof/gearbox-pocket-wear-2-800.939d2ee15447.webp 200 OK (13ms)
[wrangler:info] GET /assets/images/proof/gearbox-pocket-wear-3-800.a9e4c1b6d4c4.webp 200 OK (14ms)
[wrangler:info] GET /assets/images/proof/dynavibe-good-0-04-ips-800.14c99d584060.webp 200 OK (15ms)
[wrangler:info] GET /assets/images/proof/dynavibe-kit-secured-seat-800.f28e8596fc80.webp 200 OK (17ms)
[wrangler:info] GET /rotax-gearbox-propeller-vibration 200 OK (4ms)
[wrangler:info] GET /assets/site.fb5243d5f72f.js 200 OK (4ms)
[wrangler:info] GET /assets/brand/header-icon.b0db5ea0b294.webp 200 OK (7ms)
[wrangler:info] GET /assets/brand/header-wordmark.414fb23bd2e3.webp 200 OK (6ms)
[wrangler:info] GET /assets/images/proof/dynavibe-bad-1-27-ips-800.368614257668.webp 200 OK (5ms)
[wrangler:info] GET /assets/images/proof/gearbox-pocket-wear-1-800.d23d341dfbf1.webp 200 OK (7ms)
[wrangler:info] GET /assets/images/proof/gearbox-pocket-wear-2-800.939d2ee15447.webp 200 OK (8ms)
[wrangler:info] GET /assets/images/proof/gearbox-pocket-wear-3-800.a9e4c1b6d4c4.webp 200 OK (8ms)
[wrangler:info] GET /assets/images/proof/dynavibe-good-0-04-ips-800.14c99d584060.webp 200 OK (10ms)
[wrangler:info] GET /assets/images/proof/dynavibe-kit-secured-seat-800.f28e8596fc80.webp 200 OK (11ms)
[wrangler:info] GET /rotax-gearbox-propeller-vibration 200 OK (8ms)
[wrangler:info] GET /assets/site.fb5243d5f72f.js 200 OK (7ms)
[wrangler:info] GET /assets/brand/header-icon.b0db5ea0b294.webp 200 OK (12ms)
[wrangler:info] GET /assets/brand/header-wordmark.414fb23bd2e3.webp 200 OK (13ms)
[wrangler:info] GET /assets/images/proof/dynavibe-bad-1-27-ips-800.368614257668.webp 200 OK (6ms)
[wrangler:info] GET /assets/images/proof/gearbox-pocket-wear-1-800.d23d341dfbf1.webp 200 OK (9ms)
[wrangler:info] GET /assets/images/proof/gearbox-pocket-wear-2-800.939d2ee15447.webp 200 OK (10ms)
[wrangler:info] GET /assets/images/proof/gearbox-pocket-wear-3-800.a9e4c1b6d4c4.webp 200 OK (11ms)
[wrangler:info] GET /assets/images/proof/dynavibe-good-0-04-ips-800.14c99d584060.webp 200 OK (12ms)
[wrangler:info] GET /assets/images/proof/dynavibe-kit-secured-seat-800.f28e8596fc80.webp 200 OK (13ms)
[wrangler:info] GET /rotax-gearbox-propeller-vibration 200 OK (4ms)
[wrangler:info] GET /assets/site.fb5243d5f72f.js 200 OK (4ms)
[wrangler:info] GET /assets/brand/header-icon.b0db5ea0b294.webp 200 OK (5ms)
[wrangler:info] GET /assets/brand/header-wordmark.414fb23bd2e3.webp 200 OK (5ms)
[wrangler:info] GET /assets/images/proof/dynavibe-bad-1-27-ips-800-responsive-400.7eccbeeab39f.webp 200 OK (7ms)
[wrangler:info] GET /assets/images/proof/gearbox-pocket-wear-1-800-responsive-400.e731c95d523f.webp 200 OK (7ms)
[wrangler:info] GET /assets/images/proof/gearbox-pocket-wear-2-800-responsive-400.f7c928281883.webp 200 OK (8ms)
[wrangler:info] GET /assets/images/proof/gearbox-pocket-wear-3-800-responsive-400.a0edf098db9a.webp 200 OK (10ms)
[wrangler:info] GET /support-request 200 OK (4ms)
[wrangler:info] GET /assets/site.fb5243d5f72f.js 200 OK (5ms)
[wrangler:info] GET /assets/brand/header-icon.b0db5ea0b294.webp 200 OK (7ms)
[wrangler:info] GET /assets/brand/header-wordmark.414fb23bd2e3.webp 200 OK (7ms)
[wrangler:info] GET /support-request 200 OK (4ms)
[wrangler:info] GET /assets/site.fb5243d5f72f.js 200 OK (9ms)
[wrangler:info] GET /assets/brand/header-icon.b0db5ea0b294.webp 200 OK (10ms)
[wrangler:info] GET /assets/brand/header-wordmark.414fb23bd2e3.webp 200 OK (11ms)
[wrangler:info] GET /support-request 200 OK (4ms)
[wrangler:info] GET /assets/site.fb5243d5f72f.js 200 OK (3ms)
[wrangler:info] GET /assets/brand/header-icon.b0db5ea0b294.webp 200 OK (6ms)
[wrangler:info] GET /assets/brand/header-wordmark.414fb23bd2e3.webp 200 OK (7ms)
[wrangler:info] GET /support-request 200 OK (16ms)
[wrangler:info] GET /assets/site.fb5243d5f72f.js 200 OK (4ms)
[wrangler:info] GET /assets/brand/header-icon.b0db5ea0b294.webp 200 OK (5ms)
[wrangler:info] GET /assets/brand/header-wordmark.414fb23bd2e3.webp 200 OK (4ms)
[wrangler:info] GET /support-request 200 OK (3ms)
[wrangler:info] GET /assets/site.fb5243d5f72f.js 200 OK (3ms)
[wrangler:info] GET /assets/brand/header-icon.b0db5ea0b294.webp 200 OK (5ms)
[wrangler:info] GET /assets/brand/header-wordmark.414fb23bd2e3.webp 200 OK (4ms)
[wrangler:info] GET /support-request 200 OK (4ms)
[wrangler:info] GET /assets/site.fb5243d5f72f.js 200 OK (5ms)
[wrangler:info] GET /assets/brand/header-icon.b0db5ea0b294.webp 200 OK (6ms)
[wrangler:info] GET /assets/brand/header-wordmark.414fb23bd2e3.webp 200 OK (7ms)
[wrangler:info] GET /support-request 200 OK (5ms)
[wrangler:info] GET /assets/site.fb5243d5f72f.js 200 OK (9ms)
[wrangler:info] GET /assets/brand/header-icon.b0db5ea0b294.webp 200 OK (8ms)
[wrangler:info] GET /assets/brand/header-wordmark.414fb23bd2e3.webp 200 OK (9ms)
[wrangler:info] GET /service-area 200 OK (4ms)
[wrangler:info] GET /assets/site.fb5243d5f72f.js 200 OK (5ms)
[wrangler:info] GET /assets/brand/header-icon.b0db5ea0b294.webp 200 OK (4ms)
[wrangler:info] GET /assets/brand/header-wordmark.414fb23bd2e3.webp 200 OK (6ms)
[wrangler:info] GET /assets/images/proof/aircraft-open-cowling-under-canopy-800-responsive-400.7c41497e88ac.webp 200 OK (3ms)
[wrangler:info] GET /service-area 200 OK (4ms)
[wrangler:info] GET /assets/site.fb5243d5f72f.js 200 OK (4ms)
[wrangler:info] GET /assets/brand/header-icon.b0db5ea0b294.webp 200 OK (4ms)
[wrangler:info] GET /assets/brand/header-wordmark.414fb23bd2e3.webp 200 OK (5ms)
[wrangler:info] GET /assets/images/proof/aircraft-open-cowling-under-canopy-800-responsive-400.7c41497e88ac.webp 200 OK (4ms)
[wrangler:info] GET /service-area 200 OK (5ms)
[wrangler:info] GET /assets/site.fb5243d5f72f.js 200 OK (4ms)
[wrangler:info] GET /assets/brand/header-icon.b0db5ea0b294.webp 200 OK (4ms)
[wrangler:info] GET /assets/brand/header-wordmark.414fb23bd2e3.webp 200 OK (5ms)
[wrangler:info] GET /assets/images/proof/aircraft-open-cowling-under-canopy-800-responsive-400.7c41497e88ac.webp 200 OK (3ms)
[wrangler:info] GET /service-area 200 OK (6ms)
[wrangler:info] GET /assets/site.fb5243d5f72f.js 200 OK (5ms)
[wrangler:info] GET /assets/brand/header-icon.b0db5ea0b294.webp 200 OK (5ms)
[wrangler:info] GET /assets/brand/header-wordmark.414fb23bd2e3.webp 200 OK (6ms)
[wrangler:info] GET /assets/images/proof/aircraft-open-cowling-under-canopy-800.76f942ad3352.webp 200 OK (4ms)
[wrangler:info] GET /service-area 200 OK (4ms)
[wrangler:info] GET /assets/site.fb5243d5f72f.js 200 OK (7ms)
[wrangler:info] GET /assets/brand/header-icon.b0db5ea0b294.webp 200 OK (8ms)
[wrangler:info] GET /assets/brand/header-wordmark.414fb23bd2e3.webp 200 OK (9ms)
[wrangler:info] GET /assets/images/proof/aircraft-open-cowling-under-canopy-800.76f942ad3352.webp 200 OK (6ms)
[wrangler:info] GET /service-area 200 OK (4ms)
[wrangler:info] GET /assets/site.fb5243d5f72f.js 200 OK (4ms)
[wrangler:info] GET /assets/brand/header-icon.b0db5ea0b294.webp 200 OK (4ms)
[wrangler:info] GET /assets/brand/header-wordmark.414fb23bd2e3.webp 200 OK (4ms)
[wrangler:info] GET /assets/images/proof/aircraft-open-cowling-under-canopy-800.76f942ad3352.webp 200 OK (3ms)
[wrangler:info] GET /service-area 200 OK (5ms)
[wrangler:info] GET /assets/site.fb5243d5f72f.js 200 OK (5ms)
[wrangler:info] GET /assets/brand/header-icon.b0db5ea0b294.webp 200 OK (6ms)
[wrangler:info] GET /assets/brand/header-wordmark.414fb23bd2e3.webp 200 OK (6ms)
[wrangler:info] GET /assets/images/proof/aircraft-open-cowling-under-canopy-800-responsive-400.7c41497e88ac.webp 200 OK (3ms)
[wrangler:info] GET /rotax-installation-review 200 OK (3ms)
[wrangler:info] GET /assets/site.fb5243d5f72f.js 200 OK (4ms)
[wrangler:info] GET /assets/brand/header-icon.b0db5ea0b294.webp 200 OK (5ms)
[wrangler:info] GET /assets/brand/header-wordmark.414fb23bd2e3.webp 200 OK (5ms)
[wrangler:info] GET /assets/images/proof/rotax-engine-on-hoist-800-responsive-400.3448a7629e60.webp 200 OK (8ms)
[wrangler:info] GET /assets/images/proof/engine-cage-crack-closeup-before-repair-800-responsive-400.a935e0a9d8e2.webp 200 OK (7ms)
[wrangler:info] GET /assets/images/proof/engine-cage-weld-repair-detail-800-responsive-400.30dc3d5de907.webp 200 OK (10ms)
[wrangler:info] GET /assets/images/proof/engine-cage-weld-joint-detail-800-responsive-400.cc050134cd91.webp 200 OK (9ms)
[wrangler:info] GET /assets/images/proof/engine-cage-painted-finished-800-responsive-400.6d6bdb5302af.webp 200 OK (9ms)
[wrangler:info] GET /assets/images/proof/engine-cage-ndt-facility-800-responsive-400.5b11cf944ed8.webp 200 OK (3ms)
[wrangler:info] GET /rotax-installation-review 200 OK (5ms)
[wrangler:info] GET /assets/site.fb5243d5f72f.js 200 OK (11ms)
[wrangler:info] GET /assets/brand/header-icon.b0db5ea0b294.webp 200 OK (12ms)
[wrangler:info] GET /assets/brand/header-wordmark.414fb23bd2e3.webp 200 OK (12ms)
[wrangler:info] GET /assets/images/proof/rotax-engine-on-hoist-800-responsive-400.3448a7629e60.webp 200 OK (7ms)
[wrangler:info] GET /assets/images/proof/engine-cage-crack-closeup-before-repair-800-responsive-400.a935e0a9d8e2.webp 200 OK (8ms)
[wrangler:info] GET /assets/images/proof/engine-cage-weld-repair-detail-800-responsive-400.30dc3d5de907.webp 200 OK (15ms)
[wrangler:info] GET /assets/images/proof/engine-cage-weld-joint-detail-800-responsive-400.cc050134cd91.webp 200 OK (15ms)
[wrangler:info] GET /assets/images/proof/engine-cage-painted-finished-800-responsive-400.6d6bdb5302af.webp 200 OK (15ms)
[wrangler:info] GET /assets/images/proof/engine-cage-ndt-facility-800-responsive-400.5b11cf944ed8.webp 200 OK (6ms)
[wrangler:info] GET /rotax-installation-review 200 OK (4ms)
[wrangler:info] GET /assets/site.fb5243d5f72f.js 200 OK (6ms)
[wrangler:info] GET /assets/brand/header-icon.b0db5ea0b294.webp 200 OK (6ms)
[wrangler:info] GET /assets/brand/header-wordmark.414fb23bd2e3.webp 200 OK (6ms)
[wrangler:info] GET /assets/images/proof/rotax-engine-on-hoist-800-responsive-400.3448a7629e60.webp 200 OK (6ms)
[wrangler:info] GET /assets/images/proof/engine-cage-crack-closeup-before-repair-800-responsive-400.a935e0a9d8e2.webp 200 OK (7ms)
[wrangler:info] GET /assets/images/proof/engine-cage-weld-repair-detail-800-responsive-400.30dc3d5de907.webp 200 OK (8ms)
[wrangler:info] GET /assets/images/proof/engine-cage-weld-joint-detail-800-responsive-400.cc050134cd91.webp 200 OK (9ms)
[wrangler:info] GET /assets/images/proof/engine-cage-painted-finished-800-responsive-400.6d6bdb5302af.webp 200 OK (8ms)
[wrangler:info] GET /assets/images/proof/engine-cage-ndt-facility-800-responsive-400.5b11cf944ed8.webp 200 OK (4ms)
[wrangler:info] GET /rotax-installation-review 200 OK (5ms)
[wrangler:info] GET /assets/site.fb5243d5f72f.js 200 OK (5ms)
[wrangler:info] GET /assets/brand/header-icon.b0db5ea0b294.webp 200 OK (5ms)
[wrangler:info] GET /assets/brand/header-wordmark.414fb23bd2e3.webp 200 OK (6ms)
[wrangler:info] GET /assets/images/proof/rotax-engine-on-hoist-800.934116da4fec.webp 200 OK (8ms)
[wrangler:info] GET /assets/images/proof/engine-cage-crack-closeup-before-repair-800.9603c885e2bd.webp 200 OK (8ms)
[wrangler:info] GET /assets/images/proof/engine-cage-weld-repair-detail-800.c166537fea0b.webp 200 OK (9ms)
[wrangler:info] GET /assets/images/proof/engine-cage-weld-joint-detail-800.fed8a75c5e4f.webp 200 OK (9ms)
[wrangler:info] GET /assets/images/proof/engine-cage-painted-finished-800.24ae104e5c71.webp 200 OK (10ms)
[wrangler:info] GET /assets/images/proof/engine-cage-ndt-facility-800.205a85d56aaa.webp 200 OK (11ms)
[wrangler:info] GET /rotax-installation-review 200 OK (6ms)
[wrangler:info] GET /assets/site.fb5243d5f72f.js 200 OK (3ms)
[wrangler:info] GET /assets/brand/header-icon.b0db5ea0b294.webp 200 OK (4ms)
[wrangler:info] GET /assets/brand/header-wordmark.414fb23bd2e3.webp 200 OK (3ms)
[wrangler:info] GET /assets/images/proof/rotax-engine-on-hoist-800.934116da4fec.webp 200 OK (5ms)
[wrangler:info] GET /assets/images/proof/engine-cage-crack-closeup-before-repair-800.9603c885e2bd.webp 200 OK (7ms)
[wrangler:info] GET /assets/images/proof/engine-cage-weld-repair-detail-800.c166537fea0b.webp 200 OK (8ms)
[wrangler:info] GET /assets/images/proof/engine-cage-weld-joint-detail-800.fed8a75c5e4f.webp 200 OK (8ms)
[wrangler:info] GET /assets/images/proof/engine-cage-painted-finished-800.24ae104e5c71.webp 200 OK (9ms)
[wrangler:info] GET /assets/images/proof/engine-cage-ndt-facility-800.205a85d56aaa.webp 200 OK (9ms)
[wrangler:info] GET /rotax-installation-review 200 OK (3ms)
[wrangler:info] GET /assets/site.fb5243d5f72f.js 200 OK (3ms)
[wrangler:info] GET /assets/brand/header-icon.b0db5ea0b294.webp 200 OK (4ms)
[wrangler:info] GET /assets/brand/header-wordmark.414fb23bd2e3.webp 200 OK (4ms)
[wrangler:info] GET /assets/images/proof/rotax-engine-on-hoist-800.934116da4fec.webp 200 OK (4ms)
[wrangler:info] GET /assets/images/proof/engine-cage-crack-closeup-before-repair-800.9603c885e2bd.webp 200 OK (5ms)
[wrangler:info] GET /assets/images/proof/engine-cage-weld-repair-detail-800.c166537fea0b.webp 200 OK (6ms)
[wrangler:info] GET /assets/images/proof/engine-cage-weld-joint-detail-800.fed8a75c5e4f.webp 200 OK (8ms)
[wrangler:info] GET /assets/images/proof/engine-cage-painted-finished-800.24ae104e5c71.webp 200 OK (8ms)
[wrangler:info] GET /assets/images/proof/engine-cage-ndt-facility-800.205a85d56aaa.webp 200 OK (9ms)
[wrangler:info] GET /rotax-installation-review 200 OK (4ms)
[wrangler:info] GET /assets/site.fb5243d5f72f.js 200 OK (5ms)
[wrangler:info] GET /assets/brand/header-icon.b0db5ea0b294.webp 200 OK (5ms)
[wrangler:info] GET /assets/brand/header-wordmark.414fb23bd2e3.webp 200 OK (5ms)
[wrangler:info] GET /assets/images/proof/rotax-engine-on-hoist-800-responsive-400.3448a7629e60.webp 200 OK (6ms)
[wrangler:info] GET /assets/images/proof/engine-cage-crack-closeup-before-repair-800-responsive-400.a935e0a9d8e2.webp 200 OK (7ms)
[wrangler:info] GET /assets/images/proof/engine-cage-weld-repair-detail-800-responsive-400.30dc3d5de907.webp 200 OK (10ms)
[wrangler:info] GET /assets/images/proof/engine-cage-weld-joint-detail-800-responsive-400.cc050134cd91.webp 200 OK (10ms)
[wrangler:info] GET /assets/images/proof/engine-cage-painted-finished-800-responsive-400.6d6bdb5302af.webp 200 OK (11ms)
[wrangler:info] GET /light-sport-experimental-avionics 200 OK (4ms)
[wrangler:info] GET /assets/site.fb5243d5f72f.js 200 OK (7ms)
[wrangler:info] GET /assets/brand/header-icon.b0db5ea0b294.webp 200 OK (5ms)
[wrangler:info] GET /assets/brand/header-wordmark.414fb23bd2e3.webp 200 OK (5ms)
[wrangler:info] GET /assets/images/proof/garmin-g5-installed-panel-close-800-responsive-400.4f8a5e903a61.webp 200 OK (9ms)
[wrangler:info] GET /assets/images/proof/dsub-connector-wiring-close-800-responsive-400.535b91ccecfc.webp 200 OK (10ms)
[wrangler:info] GET /assets/images/proof/electrical-connector-close-800-responsive-400.9a4460c30b26.webp 200 OK (10ms)
[wrangler:info] GET /assets/images/proof/electrical-connector-wide-800-responsive-400.9d4950dfad83.webp 200 OK (11ms)
[wrangler:info] GET /assets/images/proof/avionics-tools-coax-workbench-800-responsive-400.2d071891f267.webp 200 OK (4ms)
[wrangler:info] GET /assets/images/proof/icom-radio-coax-adapters-800-responsive-400.77b8a26afd14.webp 200 OK (4ms)
[wrangler:info] GET /light-sport-experimental-avionics 200 OK (3ms)
[wrangler:info] GET /assets/site.fb5243d5f72f.js 200 OK (5ms)
[wrangler:info] GET /assets/brand/header-icon.b0db5ea0b294.webp 200 OK (7ms)
[wrangler:info] GET /assets/brand/header-wordmark.414fb23bd2e3.webp 200 OK (7ms)
[wrangler:info] GET /assets/images/proof/garmin-g5-installed-panel-close-800-responsive-400.4f8a5e903a61.webp 200 OK (6ms)
[wrangler:info] GET /assets/images/proof/dsub-connector-wiring-close-800-responsive-400.535b91ccecfc.webp 200 OK (9ms)
[wrangler:info] GET /assets/images/proof/electrical-connector-close-800-responsive-400.9a4460c30b26.webp 200 OK (8ms)
[wrangler:info] GET /assets/images/proof/electrical-connector-wide-800-responsive-400.9d4950dfad83.webp 200 OK (9ms)
[wrangler:info] GET /assets/images/proof/avionics-tools-coax-workbench-800-responsive-400.2d071891f267.webp 200 OK (10ms)
[wrangler:info] GET /assets/images/proof/icom-radio-coax-adapters-800-responsive-400.77b8a26afd14.webp 200 OK (4ms)
[wrangler:info] GET /light-sport-experimental-avionics 200 OK (4ms)
[wrangler:info] GET /assets/site.fb5243d5f72f.js 200 OK (3ms)
[wrangler:info] GET /assets/brand/header-icon.b0db5ea0b294.webp 200 OK (8ms)
[wrangler:info] GET /assets/brand/header-wordmark.414fb23bd2e3.webp 200 OK (8ms)
[wrangler:info] GET /assets/images/proof/garmin-g5-installed-panel-close-800-responsive-400.4f8a5e903a61.webp 200 OK (4ms)
[wrangler:info] GET /assets/images/proof/dsub-connector-wiring-close-800-responsive-400.535b91ccecfc.webp 200 OK (5ms)
[wrangler:info] GET /assets/images/proof/electrical-connector-close-800-responsive-400.9a4460c30b26.webp 200 OK (6ms)
[wrangler:info] GET /assets/images/proof/electrical-connector-wide-800-responsive-400.9d4950dfad83.webp 200 OK (7ms)
[wrangler:info] GET /assets/images/proof/avionics-tools-coax-workbench-800-responsive-400.2d071891f267.webp 200 OK (5ms)
[wrangler:info] GET /assets/images/proof/icom-radio-coax-adapters-800-responsive-400.77b8a26afd14.webp 200 OK (3ms)
[wrangler:info] GET /light-sport-experimental-avionics 200 OK (5ms)
[wrangler:info] GET /assets/site.fb5243d5f72f.js 200 OK (6ms)
[wrangler:info] GET /assets/brand/header-icon.b0db5ea0b294.webp 200 OK (6ms)
[wrangler:info] GET /assets/brand/header-wordmark.414fb23bd2e3.webp 200 OK (6ms)
[wrangler:info] GET /assets/images/proof/garmin-g5-installed-panel-close-800.7d8fac05b8c6.webp 200 OK (7ms)
[wrangler:info] GET /assets/images/proof/dsub-connector-wiring-close-800.d03d2d8fa06b.webp 200 OK (8ms)
[wrangler:info] GET /assets/images/proof/electrical-connector-close-800.c94099010869.webp 200 OK (8ms)
[wrangler:info] GET /assets/images/proof/electrical-connector-wide-800.80c922ad8e03.webp 200 OK (9ms)
[wrangler:info] GET /assets/images/proof/avionics-tools-coax-workbench-800.b6eefaa8bbf3.webp 200 OK (9ms)
[wrangler:info] GET /assets/images/proof/icom-radio-coax-adapters-800.7cfc70d99a24.webp 200 OK (10ms)
[wrangler:info] GET /light-sport-experimental-avionics 200 OK (4ms)
[wrangler:info] GET /assets/site.fb5243d5f72f.js 200 OK (5ms)
[wrangler:info] GET /assets/brand/header-icon.b0db5ea0b294.webp 200 OK (6ms)
[wrangler:info] GET /assets/brand/header-wordmark.414fb23bd2e3.webp 200 OK (11ms)
[wrangler:info] GET /assets/images/proof/garmin-g5-installed-panel-close-800.7d8fac05b8c6.webp 200 OK (7ms)
[wrangler:info] GET /assets/images/proof/dsub-connector-wiring-close-800.d03d2d8fa06b.webp 200 OK (10ms)
[wrangler:info] GET /assets/images/proof/electrical-connector-close-800.c94099010869.webp 200 OK (7ms)
[wrangler:info] GET /assets/images/proof/electrical-connector-wide-800.80c922ad8e03.webp 200 OK (6ms)
[wrangler:info] GET /assets/images/proof/avionics-tools-coax-workbench-800.b6eefaa8bbf3.webp 200 OK (7ms)
[wrangler:info] GET /assets/images/proof/icom-radio-coax-adapters-800.7cfc70d99a24.webp 200 OK (4ms)
[wrangler:info] GET /light-sport-experimental-avionics 200 OK (3ms)
[wrangler:info] GET /assets/site.fb5243d5f72f.js 200 OK (4ms)
[wrangler:info] GET /assets/brand/header-icon.b0db5ea0b294.webp 200 OK (4ms)
[wrangler:info] GET /assets/brand/header-wordmark.414fb23bd2e3.webp 200 OK (8ms)
[wrangler:info] GET /assets/images/proof/garmin-g5-installed-panel-close-800.7d8fac05b8c6.webp 200 OK (4ms)
[wrangler:info] GET /assets/images/proof/dsub-connector-wiring-close-800.d03d2d8fa06b.webp 200 OK (7ms)
[wrangler:info] GET /assets/images/proof/electrical-connector-close-800.c94099010869.webp 200 OK (8ms)
[wrangler:info] GET /assets/images/proof/electrical-connector-wide-800.80c922ad8e03.webp 200 OK (10ms)
[wrangler:info] GET /assets/images/proof/avionics-tools-coax-workbench-800.b6eefaa8bbf3.webp 200 OK (11ms)
[wrangler:info] GET /assets/images/proof/icom-radio-coax-adapters-800.7cfc70d99a24.webp 200 OK (10ms)
[wrangler:info] GET /light-sport-experimental-avionics 200 OK (6ms)
[wrangler:info] GET /assets/site.fb5243d5f72f.js 200 OK (9ms)
[wrangler:info] GET /assets/brand/header-icon.b0db5ea0b294.webp 200 OK (11ms)
[wrangler:info] GET /assets/brand/header-wordmark.414fb23bd2e3.webp 200 OK (11ms)
[wrangler:info] GET /assets/images/proof/garmin-g5-installed-panel-close-800-responsive-400.4f8a5e903a61.webp 200 OK (7ms)
[wrangler:info] GET /assets/images/proof/dsub-connector-wiring-close-800-responsive-400.535b91ccecfc.webp 200 OK (6ms)
[wrangler:info] GET /assets/images/proof/electrical-connector-close-800-responsive-400.9a4460c30b26.webp 200 OK (8ms)
[wrangler:info] GET /assets/images/proof/electrical-connector-wide-800-responsive-400.9d4950dfad83.webp 200 OK (4ms)
[wrangler:info] GET /assets/images/proof/avionics-tools-coax-workbench-800-responsive-400.2d071891f267.webp 200 OK (3ms)
[wrangler:info] GET /faq 200 OK (4ms)
[wrangler:info] GET /assets/site.fb5243d5f72f.js 200 OK (4ms)
[wrangler:info] GET /assets/brand/header-icon.b0db5ea0b294.webp 200 OK (5ms)
[wrangler:info] GET /assets/brand/header-wordmark.414fb23bd2e3.webp 200 OK (5ms)
[wrangler:info] GET /faq 200 OK (3ms)
[wrangler:info] GET /assets/site.fb5243d5f72f.js 200 OK (4ms)
[wrangler:info] GET /assets/brand/header-icon.b0db5ea0b294.webp 200 OK (7ms)
[wrangler:info] GET /assets/brand/header-wordmark.414fb23bd2e3.webp 200 OK (7ms)
[wrangler:info] GET /faq 200 OK (5ms)
[wrangler:info] GET /assets/site.fb5243d5f72f.js 200 OK (5ms)
[wrangler:info] GET /assets/brand/header-icon.b0db5ea0b294.webp 200 OK (9ms)
[wrangler:info] GET /assets/brand/header-wordmark.414fb23bd2e3.webp 200 OK (9ms)
[wrangler:info] GET /faq 200 OK (4ms)
[wrangler:info] GET /assets/site.fb5243d5f72f.js 200 OK (4ms)
[wrangler:info] GET /assets/brand/header-icon.b0db5ea0b294.webp 200 OK (4ms)
[wrangler:info] GET /assets/brand/header-wordmark.414fb23bd2e3.webp 200 OK (5ms)
[wrangler:info] GET /faq 200 OK (4ms)
[wrangler:info] GET /assets/site.fb5243d5f72f.js 200 OK (4ms)
[wrangler:info] GET /assets/brand/header-icon.b0db5ea0b294.webp 200 OK (5ms)
[wrangler:info] GET /assets/brand/header-wordmark.414fb23bd2e3.webp 200 OK (5ms)
[wrangler:info] GET /faq 200 OK (4ms)
[wrangler:info] GET /assets/site.fb5243d5f72f.js 200 OK (4ms)
[wrangler:info] GET /assets/brand/header-icon.b0db5ea0b294.webp 200 OK (4ms)
[wrangler:info] GET /assets/brand/header-wordmark.414fb23bd2e3.webp 200 OK (4ms)
[wrangler:info] GET /faq 200 OK (3ms)
[wrangler:info] GET /assets/site.fb5243d5f72f.js 200 OK (5ms)
[wrangler:info] GET /assets/brand/header-icon.b0db5ea0b294.webp 200 OK (5ms)
[wrangler:info] GET /assets/brand/header-wordmark.414fb23bd2e3.webp 200 OK (7ms)
[wrangler:info] GET / 200 OK (12ms)
[wrangler:info] GET /assets/site.fb5243d5f72f.js 200 OK (7ms)
[wrangler:info] GET /assets/brand/header-icon.b0db5ea0b294.webp 200 OK (8ms)
[wrangler:info] GET /assets/brand/header-wordmark.414fb23bd2e3.webp 200 OK (9ms)
[wrangler:info] GET /assets/images/rotax-engine-installed-green-covers-800-responsive-400.672b68233439.webp 200 OK (11ms)
[wrangler:info] GET /assets/images/proof/dynavibe-bad-1-27-ips-800-responsive-400.7eccbeeab39f.webp 200 OK (5ms)
[wrangler:info] GET /assets/images/proof/engine-cage-crack-closeup-before-repair-800-responsive-400.a935e0a9d8e2.webp 200 OK (4ms)
[wrangler:info] GET /assets/images/proof/fuel-tank-borescope-dirty-800-responsive-400.a6319e99b7bb.webp 200 OK (4ms)
[wrangler:info] GET /assets/images/proof/dsub-connector-wiring-close-800-responsive-400.535b91ccecfc.webp 200 OK (5ms)
[wrangler:info] GET /assets/images/proof/aircraft-open-cowling-under-canopy-800-responsive-400.7c41497e88ac.webp 200 OK (4ms)
[wrangler:info] GET / 200 OK (5ms)
[wrangler:info] GET /assets/site.fb5243d5f72f.js 200 OK (5ms)
[wrangler:info] GET /assets/brand/header-icon.b0db5ea0b294.webp 200 OK (6ms)
[wrangler:info] GET /assets/brand/header-wordmark.414fb23bd2e3.webp 200 OK (6ms)
[wrangler:info] GET /assets/images/rotax-engine-installed-green-covers-800-responsive-400.672b68233439.webp 200 OK (7ms)
[wrangler:info] GET /assets/images/proof/dynavibe-bad-1-27-ips-800-responsive-400.7eccbeeab39f.webp 200 OK (5ms)
[wrangler:info] GET /assets/images/proof/engine-cage-crack-closeup-before-repair-800-responsive-400.a935e0a9d8e2.webp 200 OK (6ms)
[wrangler:info] GET /assets/images/proof/fuel-tank-borescope-dirty-800-responsive-400.a6319e99b7bb.webp 200 OK (7ms)
[wrangler:info] GET /assets/images/proof/dsub-connector-wiring-close-800-responsive-400.535b91ccecfc.webp 200 OK (3ms)
[wrangler:info] GET /assets/images/proof/aircraft-open-cowling-under-canopy-800-responsive-400.7c41497e88ac.webp 200 OK (6ms)
[wrangler:info] GET / 200 OK (3ms)
[wrangler:info] GET /assets/site.fb5243d5f72f.js 200 OK (10ms)
[wrangler:info] GET /assets/brand/header-icon.b0db5ea0b294.webp 200 OK (11ms)
[wrangler:info] GET /assets/brand/header-wordmark.414fb23bd2e3.webp 200 OK (11ms)
[wrangler:info] GET /assets/images/rotax-engine-installed-green-covers-800-responsive-400.672b68233439.webp 200 OK (13ms)
[wrangler:info] GET /assets/images/proof/dynavibe-bad-1-27-ips-800-responsive-400.7eccbeeab39f.webp 200 OK (9ms)
[wrangler:info] GET /assets/images/proof/engine-cage-crack-closeup-before-repair-800-responsive-400.a935e0a9d8e2.webp 200 OK (8ms)
[wrangler:info] GET /assets/images/proof/fuel-tank-borescope-dirty-800-responsive-400.a6319e99b7bb.webp 200 OK (4ms)
[wrangler:info] GET /assets/images/proof/dsub-connector-wiring-close-800-responsive-400.535b91ccecfc.webp 200 OK (6ms)
[wrangler:info] GET /assets/images/proof/aircraft-open-cowling-under-canopy-800-responsive-400.7c41497e88ac.webp 200 OK (4ms)
[wrangler:info] GET / 200 OK (3ms)
[wrangler:info] GET /assets/site.fb5243d5f72f.js 200 OK (4ms)
[wrangler:info] GET /assets/brand/header-icon.b0db5ea0b294.webp 200 OK (5ms)
[wrangler:info] GET /assets/brand/header-wordmark.414fb23bd2e3.webp 200 OK (5ms)
[wrangler:info] GET /assets/images/rotax-engine-installed-green-covers-800.d2d00550f6bc.webp 200 OK (6ms)
[wrangler:info] GET /assets/images/proof/dynavibe-bad-1-27-ips-800.368614257668.webp 200 OK (8ms)
[wrangler:info] GET /assets/images/proof/engine-cage-crack-closeup-before-repair-800.9603c885e2bd.webp 200 OK (7ms)
[wrangler:info] GET /assets/images/proof/fuel-tank-borescope-dirty-800.6a9ab18d0e87.webp 200 OK (8ms)
[wrangler:info] GET /assets/images/proof/dsub-connector-wiring-close-800.d03d2d8fa06b.webp 200 OK (6ms)
[wrangler:info] GET /assets/images/proof/aircraft-open-cowling-under-canopy-800.76f942ad3352.webp 200 OK (5ms)
[wrangler:info] GET / 200 OK (6ms)
[wrangler:info] GET /assets/site.fb5243d5f72f.js 200 OK (15ms)
[wrangler:info] GET /assets/brand/header-icon.b0db5ea0b294.webp 200 OK (14ms)
[wrangler:info] GET /assets/brand/header-wordmark.414fb23bd2e3.webp 200 OK (14ms)
[wrangler:info] GET /assets/images/rotax-engine-installed-green-covers-800.d2d00550f6bc.webp 200 OK (14ms)
[wrangler:info] GET /assets/images/proof/dynavibe-bad-1-27-ips-800.368614257668.webp 200 OK (7ms)
[wrangler:info] GET /assets/images/proof/engine-cage-crack-closeup-before-repair-800.9603c885e2bd.webp 200 OK (7ms)
[wrangler:info] GET /assets/images/proof/fuel-tank-borescope-dirty-800.6a9ab18d0e87.webp 200 OK (3ms)
[wrangler:info] GET /assets/images/proof/dsub-connector-wiring-close-800.d03d2d8fa06b.webp 200 OK (3ms)
[wrangler:info] GET /assets/images/proof/aircraft-open-cowling-under-canopy-800.76f942ad3352.webp 200 OK (4ms)
[wrangler:info] GET / 200 OK (3ms)
[wrangler:info] GET /assets/site.fb5243d5f72f.js 200 OK (5ms)
[wrangler:info] GET /assets/brand/header-icon.b0db5ea0b294.webp 200 OK (5ms)
[wrangler:info] GET /assets/brand/header-wordmark.414fb23bd2e3.webp 200 OK (6ms)
[wrangler:info] GET /assets/images/rotax-engine-installed-green-covers-800.d2d00550f6bc.webp 200 OK (7ms)
[wrangler:info] GET /assets/images/proof/dynavibe-bad-1-27-ips-800.368614257668.webp 200 OK (8ms)
[wrangler:info] GET /assets/images/proof/engine-cage-crack-closeup-before-repair-800.9603c885e2bd.webp 200 OK (10ms)
[wrangler:info] GET /assets/images/proof/fuel-tank-borescope-dirty-800.6a9ab18d0e87.webp 200 OK (7ms)
[wrangler:info] GET /assets/images/proof/dsub-connector-wiring-close-800.d03d2d8fa06b.webp 200 OK (7ms)
[wrangler:info] GET /assets/images/proof/aircraft-open-cowling-under-canopy-800.76f942ad3352.webp 200 OK (5ms)
[wrangler:info] GET / 200 OK (4ms)
[wrangler:info] GET /assets/site.fb5243d5f72f.js 200 OK (4ms)
[wrangler:info] GET /assets/brand/header-icon.b0db5ea0b294.webp 200 OK (6ms)
[wrangler:info] GET /assets/brand/header-wordmark.414fb23bd2e3.webp 200 OK (6ms)
[wrangler:info] GET /assets/images/rotax-engine-installed-green-covers-800-responsive-400.672b68233439.webp 200 OK (7ms)
[wrangler:info] GET /assets/images/proof/dynavibe-bad-1-27-ips-800-responsive-400.7eccbeeab39f.webp 200 OK (5ms)
[wrangler:info] GET /assets/images/proof/engine-cage-crack-closeup-before-repair-800-responsive-400.a935e0a9d8e2.webp 200 OK (5ms)
[wrangler:info] GET /assets/images/proof/fuel-tank-borescope-dirty-800-responsive-400.a6319e99b7bb.webp 200 OK (5ms)
[wrangler:info] GET /rotax-915-916-turbo-ems-support 200 OK (4ms)
[wrangler:info] GET /assets/site.fb5243d5f72f.js 200 OK (6ms)
[wrangler:info] GET /assets/brand/header-icon.b0db5ea0b294.webp 200 OK (6ms)
[wrangler:info] GET /assets/brand/header-wordmark.414fb23bd2e3.webp 200 OK (6ms)
[wrangler:info] GET /rotax-915-916-turbo-ems-support 200 OK (4ms)
[wrangler:info] GET /assets/site.fb5243d5f72f.js 200 OK (6ms)
[wrangler:info] GET /assets/brand/header-icon.b0db5ea0b294.webp 200 OK (6ms)
[wrangler:info] GET /assets/brand/header-wordmark.414fb23bd2e3.webp 200 OK (6ms)
[wrangler:info] GET /rotax-915-916-turbo-ems-support 200 OK (6ms)
[wrangler:info] GET /assets/site.fb5243d5f72f.js 200 OK (4ms)
[wrangler:info] GET /assets/brand/header-icon.b0db5ea0b294.webp 200 OK (5ms)
[wrangler:info] GET /assets/brand/header-wordmark.414fb23bd2e3.webp 200 OK (6ms)
[wrangler:info] GET /rotax-915-916-turbo-ems-support 200 OK (4ms)
[wrangler:info] GET /assets/site.fb5243d5f72f.js 200 OK (4ms)
[wrangler:info] GET /assets/brand/header-icon.b0db5ea0b294.webp 200 OK (4ms)
[wrangler:info] GET /assets/brand/header-wordmark.414fb23bd2e3.webp 200 OK (4ms)
[wrangler:info] GET /rotax-915-916-turbo-ems-support 200 OK (3ms)
[wrangler:info] GET /assets/site.fb5243d5f72f.js 200 OK (8ms)
[wrangler:info] GET /assets/brand/header-icon.b0db5ea0b294.webp 200 OK (7ms)
[wrangler:info] GET /assets/brand/header-wordmark.414fb23bd2e3.webp 200 OK (8ms)
[wrangler:info] GET /rotax-915-916-turbo-ems-support 200 OK (4ms)
[wrangler:info] GET /assets/site.fb5243d5f72f.js 200 OK (3ms)
[wrangler:info] GET /assets/brand/header-icon.b0db5ea0b294.webp 200 OK (3ms)
[wrangler:info] GET /assets/brand/header-wordmark.414fb23bd2e3.webp 200 OK (4ms)
[wrangler:info] GET /rotax-915-916-turbo-ems-support 200 OK (4ms)
[wrangler:info] GET /assets/site.fb5243d5f72f.js 200 OK (4ms)
[wrangler:info] GET /assets/brand/header-icon.b0db5ea0b294.webp 200 OK (4ms)
[wrangler:info] GET /assets/brand/header-wordmark.414fb23bd2e3.webp 200 OK (4ms)
[wrangler:info] GET /image-credits 200 OK (4ms)
[wrangler:info] GET /assets/site.fb5243d5f72f.js 200 OK (5ms)
[wrangler:info] GET /assets/brand/header-icon.b0db5ea0b294.webp 200 OK (6ms)
[wrangler:info] GET /assets/brand/header-wordmark.414fb23bd2e3.webp 200 OK (7ms)
[wrangler:info] GET /image-credits 200 OK (4ms)
[wrangler:info] GET /assets/site.fb5243d5f72f.js 200 OK (4ms)
[wrangler:info] GET /assets/brand/header-icon.b0db5ea0b294.webp 200 OK (5ms)
[wrangler:info] GET /assets/brand/header-wordmark.414fb23bd2e3.webp 200 OK (9ms)
[wrangler:info] GET /image-credits 200 OK (3ms)
[wrangler:info] GET /assets/site.fb5243d5f72f.js 200 OK (6ms)
[wrangler:info] GET /assets/brand/header-icon.b0db5ea0b294.webp 200 OK (7ms)
[wrangler:info] GET /assets/brand/header-wordmark.414fb23bd2e3.webp 200 OK (8ms)
[wrangler:info] GET /image-credits 200 OK (4ms)
[wrangler:info] GET /assets/site.fb5243d5f72f.js 200 OK (4ms)
[wrangler:info] GET /assets/brand/header-icon.b0db5ea0b294.webp 200 OK (4ms)
[wrangler:info] GET /assets/brand/header-wordmark.414fb23bd2e3.webp 200 OK (4ms)
[wrangler:info] GET /image-credits 200 OK (4ms)
[wrangler:info] GET /assets/site.fb5243d5f72f.js 200 OK (4ms)
[wrangler:info] GET /assets/brand/header-icon.b0db5ea0b294.webp 200 OK (5ms)
[wrangler:info] GET /assets/brand/header-wordmark.414fb23bd2e3.webp 200 OK (6ms)
[wrangler:info] GET /image-credits 200 OK (3ms)
[wrangler:info] GET /assets/site.fb5243d5f72f.js 200 OK (5ms)
[wrangler:info] GET /assets/brand/header-icon.b0db5ea0b294.webp 200 OK (6ms)
[wrangler:info] GET /assets/brand/header-wordmark.414fb23bd2e3.webp 200 OK (5ms)
[wrangler:info] GET /image-credits 200 OK (3ms)
[wrangler:info] GET /assets/site.fb5243d5f72f.js 200 OK (3ms)
[wrangler:info] GET /assets/brand/header-icon.b0db5ea0b294.webp 200 OK (5ms)
[wrangler:info] GET /assets/brand/header-wordmark.414fb23bd2e3.webp 200 OK (4ms)
[wrangler:info] GET /thank-you 200 OK (4ms)
[wrangler:info] GET /assets/site.fb5243d5f72f.js 200 OK (4ms)
[wrangler:info] GET /assets/brand/header-icon.b0db5ea0b294.webp 200 OK (7ms)
[wrangler:info] GET /assets/brand/header-wordmark.414fb23bd2e3.webp 200 OK (6ms)
[wrangler:info] GET /thank-you 200 OK (3ms)
[wrangler:info] GET /assets/site.fb5243d5f72f.js 200 OK (9ms)
[wrangler:info] GET /assets/brand/header-icon.b0db5ea0b294.webp 200 OK (8ms)
[wrangler:info] GET /assets/brand/header-wordmark.414fb23bd2e3.webp 200 OK (10ms)
[wrangler:info] GET /thank-you 200 OK (3ms)
[wrangler:info] GET /assets/site.fb5243d5f72f.js 200 OK (4ms)
[wrangler:info] GET /assets/brand/header-icon.b0db5ea0b294.webp 200 OK (6ms)
[wrangler:info] GET /assets/brand/header-wordmark.414fb23bd2e3.webp 200 OK (7ms)
[wrangler:info] GET /thank-you 200 OK (3ms)
[wrangler:info] GET /assets/site.fb5243d5f72f.js 200 OK (6ms)
[wrangler:info] GET /assets/brand/header-icon.b0db5ea0b294.webp 200 OK (5ms)
[wrangler:info] GET /assets/brand/header-wordmark.414fb23bd2e3.webp 200 OK (6ms)
[wrangler:info] GET /thank-you 200 OK (4ms)
[wrangler:info] GET /assets/site.fb5243d5f72f.js 200 OK (6ms)
[wrangler:info] GET /assets/brand/header-icon.b0db5ea0b294.webp 200 OK (5ms)
[wrangler:info] GET /assets/brand/header-wordmark.414fb23bd2e3.webp 200 OK (7ms)
[wrangler:info] GET /thank-you 200 OK (4ms)
[wrangler:info] GET /assets/site.fb5243d5f72f.js 200 OK (6ms)
[wrangler:info] GET /assets/brand/header-icon.b0db5ea0b294.webp 200 OK (6ms)
[wrangler:info] GET /assets/brand/header-wordmark.414fb23bd2e3.webp 200 OK (5ms)
[wrangler:info] GET /thank-you 200 OK (3ms)
[wrangler:info] GET /assets/site.fb5243d5f72f.js 200 OK (3ms)
[wrangler:info] GET /assets/brand/header-icon.b0db5ea0b294.webp 200 OK (4ms)
[wrangler:info] GET /assets/brand/header-wordmark.414fb23bd2e3.webp 200 OK (4ms)
[wrangler:info] GET /rotax-fuel-pressure-fuel-delivery-problems 200 OK (3ms)
[wrangler:info] GET /assets/site.fb5243d5f72f.js 200 OK (4ms)
[wrangler:info] GET /assets/brand/header-icon.b0db5ea0b294.webp 200 OK (4ms)
[wrangler:info] GET /assets/brand/header-wordmark.414fb23bd2e3.webp 200 OK (4ms)
[wrangler:info] GET /assets/images/proof/fuel-tank-borescope-dirty-800-responsive-400.a6319e99b7bb.webp 200 OK (5ms)
[wrangler:info] GET /assets/images/proof/fuel-tank-borescope-clean-800-responsive-400.29876590aea5.webp 200 OK (4ms)
[wrangler:info] GET /assets/images/proof/rotax-fuel-pump-in-out-card-800-responsive-400.1735561b2a60.webp 200 OK (4ms)
[wrangler:info] GET /rotax-fuel-pressure-fuel-delivery-problems 200 OK (4ms)
[wrangler:info] GET /assets/site.fb5243d5f72f.js 200 OK (4ms)
[wrangler:info] GET /assets/brand/header-icon.b0db5ea0b294.webp 200 OK (4ms)
[wrangler:info] GET /assets/brand/header-wordmark.414fb23bd2e3.webp 200 OK (4ms)
[wrangler:info] GET /assets/images/proof/fuel-tank-borescope-dirty-800-responsive-400.a6319e99b7bb.webp 200 OK (3ms)
[wrangler:info] GET /assets/images/proof/fuel-tank-borescope-clean-800-responsive-400.29876590aea5.webp 200 OK (4ms)
[wrangler:info] GET /assets/images/proof/rotax-fuel-pump-in-out-card-800-responsive-400.1735561b2a60.webp 200 OK (4ms)
[wrangler:info] GET /rotax-fuel-pressure-fuel-delivery-problems 200 OK (3ms)
[wrangler:info] GET /assets/site.fb5243d5f72f.js 200 OK (4ms)
[wrangler:info] GET /assets/brand/header-icon.b0db5ea0b294.webp 200 OK (8ms)
[wrangler:info] GET /assets/brand/header-wordmark.414fb23bd2e3.webp 200 OK (10ms)
[wrangler:info] GET /assets/images/proof/fuel-tank-borescope-dirty-800-responsive-400.a6319e99b7bb.webp 200 OK (9ms)
[wrangler:info] GET /assets/images/proof/fuel-tank-borescope-clean-800-responsive-400.29876590aea5.webp 200 OK (9ms)
[wrangler:info] GET /assets/images/proof/rotax-fuel-pump-in-out-card-800-responsive-400.1735561b2a60.webp 200 OK (8ms)
[wrangler:info] GET /rotax-fuel-pressure-fuel-delivery-problems 200 OK (6ms)
[wrangler:info] GET /assets/site.fb5243d5f72f.js 200 OK (6ms)
[wrangler:info] GET /assets/brand/header-icon.b0db5ea0b294.webp 200 OK (4ms)
[wrangler:info] GET /assets/brand/header-wordmark.414fb23bd2e3.webp 200 OK (5ms)
[wrangler:info] GET /assets/images/proof/fuel-tank-borescope-dirty-800.6a9ab18d0e87.webp 200 OK (4ms)
[wrangler:info] GET /assets/images/proof/fuel-tank-borescope-clean-800.873297a9ba83.webp 200 OK (4ms)
[wrangler:info] GET /assets/images/proof/rotax-fuel-pump-in-out-card-800.98fd2c19ec74.webp 200 OK (5ms)
[wrangler:info] GET /rotax-fuel-pressure-fuel-delivery-problems 200 OK (4ms)
[wrangler:info] GET /assets/site.fb5243d5f72f.js 200 OK (4ms)
[wrangler:info] GET /assets/brand/header-icon.b0db5ea0b294.webp 200 OK (4ms)
[wrangler:info] GET /assets/brand/header-wordmark.414fb23bd2e3.webp 200 OK (4ms)
[wrangler:info] GET /assets/images/proof/fuel-tank-borescope-dirty-800.6a9ab18d0e87.webp 200 OK (5ms)
[wrangler:info] GET /assets/images/proof/fuel-tank-borescope-clean-800.873297a9ba83.webp 200 OK (5ms)
[wrangler:info] GET /assets/images/proof/rotax-fuel-pump-in-out-card-800.98fd2c19ec74.webp 200 OK (6ms)
[wrangler:info] GET /rotax-fuel-pressure-fuel-delivery-problems 200 OK (6ms)
[wrangler:info] GET /assets/site.fb5243d5f72f.js 200 OK (5ms)
[wrangler:info] GET /assets/brand/header-icon.b0db5ea0b294.webp 200 OK (5ms)
[wrangler:info] GET /assets/brand/header-wordmark.414fb23bd2e3.webp 200 OK (4ms)
[wrangler:info] GET /assets/images/proof/fuel-tank-borescope-dirty-800.6a9ab18d0e87.webp 200 OK (3ms)
[wrangler:info] GET /assets/images/proof/fuel-tank-borescope-clean-800.873297a9ba83.webp 200 OK (2ms)
[wrangler:info] GET /assets/images/proof/rotax-fuel-pump-in-out-card-800.98fd2c19ec74.webp 200 OK (2ms)
[wrangler:info] GET /rotax-fuel-pressure-fuel-delivery-problems 200 OK (4ms)
[wrangler:info] GET /assets/site.fb5243d5f72f.js 200 OK (3ms)
[wrangler:info] GET /assets/brand/header-icon.b0db5ea0b294.webp 200 OK (4ms)
[wrangler:info] GET /assets/brand/header-wordmark.414fb23bd2e3.webp 200 OK (3ms)
[wrangler:info] GET /assets/images/proof/fuel-tank-borescope-dirty-800-responsive-400.a6319e99b7bb.webp 200 OK (5ms)
[wrangler:info] GET /assets/images/proof/fuel-tank-borescope-clean-800-responsive-400.29876590aea5.webp 200 OK (5ms)
[wrangler:info] GET /assets/images/proof/rotax-fuel-pump-in-out-card-800-responsive-400.1735561b2a60.webp 200 OK (6ms)
[wrangler:info] GET /card 200 OK (4ms)
[wrangler:info] GET /assets/site.fb5243d5f72f.js 200 OK (4ms)
[wrangler:info] GET /assets/brand/header-icon.b0db5ea0b294.webp 200 OK (7ms)
[wrangler:info] GET /assets/brand/header-wordmark.414fb23bd2e3.webp 200 OK (7ms)
[wrangler:info] GET /card 200 OK (3ms)
[wrangler:info] GET /assets/site.fb5243d5f72f.js 200 OK (4ms)
[wrangler:info] GET /assets/brand/header-icon.b0db5ea0b294.webp 200 OK (6ms)
[wrangler:info] GET /assets/brand/header-wordmark.414fb23bd2e3.webp 200 OK (7ms)
[wrangler:info] GET /card 200 OK (3ms)
[wrangler:info] GET /assets/site.fb5243d5f72f.js 200 OK (5ms)
[wrangler:info] GET /assets/brand/header-icon.b0db5ea0b294.webp 200 OK (5ms)
[wrangler:info] GET /assets/brand/header-wordmark.414fb23bd2e3.webp 200 OK (6ms)
[wrangler:info] GET /card 200 OK (4ms)
[wrangler:info] GET /assets/site.fb5243d5f72f.js 200 OK (3ms)
[wrangler:info] GET /assets/brand/header-icon.b0db5ea0b294.webp 200 OK (4ms)
[wrangler:info] GET /assets/brand/header-wordmark.414fb23bd2e3.webp 200 OK (4ms)
[wrangler:info] GET /card 200 OK (4ms)
[wrangler:info] GET /assets/site.fb5243d5f72f.js 200 OK (2ms)
[wrangler:info] GET /assets/brand/header-icon.b0db5ea0b294.webp 200 OK (3ms)
[wrangler:info] GET /assets/brand/header-wordmark.414fb23bd2e3.webp 200 OK (4ms)
[wrangler:info] GET /card 200 OK (4ms)
[wrangler:info] GET /assets/site.fb5243d5f72f.js 200 OK (3ms)
[wrangler:info] GET /assets/brand/header-icon.b0db5ea0b294.webp 200 OK (4ms)
[wrangler:info] GET /assets/brand/header-wordmark.414fb23bd2e3.webp 200 OK (5ms)
[wrangler:info] GET /card 200 OK (4ms)
[wrangler:info] GET /assets/site.fb5243d5f72f.js 200 OK (4ms)
[wrangler:info] GET /assets/brand/header-icon.b0db5ea0b294.webp 200 OK (4ms)
[wrangler:info] GET /assets/brand/header-wordmark.414fb23bd2e3.webp 200 OK (5ms)
[wrangler:info] GET /about-credentials 200 OK (3ms)
[wrangler:info] GET /assets/site.fb5243d5f72f.js 200 OK (4ms)
[wrangler:info] GET /assets/brand/header-icon.b0db5ea0b294.webp 200 OK (5ms)
[wrangler:info] GET /assets/brand/header-wordmark.414fb23bd2e3.webp 200 OK (5ms)
[wrangler:info] GET /about-credentials 200 OK (4ms)
[wrangler:info] GET /assets/site.fb5243d5f72f.js 200 OK (8ms)
[wrangler:info] GET /assets/brand/header-icon.b0db5ea0b294.webp 200 OK (12ms)
[wrangler:info] GET /assets/brand/header-wordmark.414fb23bd2e3.webp 200 OK (12ms)
[wrangler:info] GET /about-credentials 200 OK (4ms)
[wrangler:info] GET /assets/site.fb5243d5f72f.js 200 OK (4ms)
[wrangler:info] GET /assets/brand/header-icon.b0db5ea0b294.webp 200 OK (5ms)
[wrangler:info] GET /assets/brand/header-wordmark.414fb23bd2e3.webp 200 OK (4ms)
[wrangler:info] GET /about-credentials 200 OK (3ms)
[wrangler:info] GET /assets/site.fb5243d5f72f.js 200 OK (7ms)
[wrangler:info] GET /assets/brand/header-icon.b0db5ea0b294.webp 200 OK (7ms)
[wrangler:info] GET /assets/brand/header-wordmark.414fb23bd2e3.webp 200 OK (7ms)
[wrangler:info] GET /about-credentials 200 OK (4ms)
[wrangler:info] GET /assets/site.fb5243d5f72f.js 200 OK (3ms)
[wrangler:info] GET /assets/brand/header-icon.b0db5ea0b294.webp 200 OK (3ms)
[wrangler:info] GET /assets/brand/header-wordmark.414fb23bd2e3.webp 200 OK (3ms)
[wrangler:info] GET /about-credentials 200 OK (4ms)
[wrangler:info] GET /assets/site.fb5243d5f72f.js 200 OK (4ms)
[wrangler:info] GET /assets/brand/header-icon.b0db5ea0b294.webp 200 OK (5ms)
[wrangler:info] GET /assets/brand/header-wordmark.414fb23bd2e3.webp 200 OK (4ms)
[wrangler:info] GET /about-credentials 200 OK (3ms)
[wrangler:info] GET /assets/site.fb5243d5f72f.js 200 OK (4ms)
[wrangler:info] GET /assets/brand/header-icon.b0db5ea0b294.webp 200 OK (4ms)
[wrangler:info] GET /assets/brand/header-wordmark.414fb23bd2e3.webp 200 OK (4ms)
[wrangler:info] GET /e-props-dealer-support 200 OK (3ms)
[wrangler:info] GET /assets/site.fb5243d5f72f.js 200 OK (5ms)
[wrangler:info] GET /assets/brand/header-icon.b0db5ea0b294.webp 200 OK (8ms)
[wrangler:info] GET /assets/brand/header-wordmark.414fb23bd2e3.webp 200 OK (9ms)
[wrangler:info] GET /assets/images/proof/eprops-engineering-packet-fanout-1200-clean-responsive-400.7504bb6cef93.webp 200 OK (9ms)
[wrangler:info] GET /assets/images/proof/eprops-install-checklist-preview-1200-responsive-400.503e8e1190d1.webp 200 OK (10ms)
[wrangler:info] GET /assets/images/proof/eprops-aircraft-closeup-sky-ranger-1200-responsive-400.7785df50cbf7.webp 200 OK (9ms)
[wrangler:info] GET /assets/images/proof/eprops-blade-damage-closeup-800-responsive-400.0009fb9a57f4.webp 200 OK (10ms)
[wrangler:info] GET /e-props-dealer-support 200 OK (5ms)
[wrangler:info] GET /assets/site.fb5243d5f72f.js 200 OK (4ms)
[wrangler:info] GET /assets/brand/header-icon.b0db5ea0b294.webp 200 OK (5ms)
[wrangler:info] GET /assets/brand/header-wordmark.414fb23bd2e3.webp 200 OK (6ms)
[wrangler:info] GET /assets/images/proof/eprops-engineering-packet-fanout-1200-clean-responsive-400.7504bb6cef93.webp 200 OK (11ms)
[wrangler:info] GET /assets/images/proof/eprops-install-checklist-preview-1200-responsive-400.503e8e1190d1.webp 200 OK (18ms)
[wrangler:info] GET /assets/images/proof/eprops-aircraft-closeup-sky-ranger-1200-responsive-400.7785df50cbf7.webp 200 OK (22ms)
[wrangler:info] GET /assets/images/proof/eprops-blade-damage-closeup-800-responsive-400.0009fb9a57f4.webp 200 OK (22ms)
[wrangler:info] GET /e-props-dealer-support 200 OK (5ms)
[wrangler:info] GET /assets/site.fb5243d5f72f.js 200 OK (4ms)
[wrangler:info] GET /assets/brand/header-icon.b0db5ea0b294.webp 200 OK (7ms)
[wrangler:info] GET /assets/brand/header-wordmark.414fb23bd2e3.webp 200 OK (6ms)
[wrangler:info] GET /assets/images/proof/eprops-engineering-packet-fanout-1200-clean-responsive-400.7504bb6cef93.webp 200 OK (3ms)
[wrangler:info] GET /assets/images/proof/eprops-install-checklist-preview-1200-responsive-400.503e8e1190d1.webp 200 OK (7ms)
[wrangler:info] GET /assets/images/proof/eprops-aircraft-closeup-sky-ranger-1200-responsive-400.7785df50cbf7.webp 200 OK (7ms)
[wrangler:info] GET /assets/images/proof/eprops-blade-damage-closeup-800-responsive-400.0009fb9a57f4.webp 200 OK (7ms)
[wrangler:info] GET /e-props-dealer-support 200 OK (4ms)
[wrangler:info] GET /assets/site.fb5243d5f72f.js 200 OK (6ms)
[wrangler:info] GET /assets/brand/header-icon.b0db5ea0b294.webp 200 OK (6ms)
[wrangler:info] GET /assets/brand/header-wordmark.414fb23bd2e3.webp 200 OK (7ms)
[wrangler:info] GET /assets/images/proof/eprops-engineering-packet-fanout-1200-clean.a276129cd427.webp 200 OK (4ms)
[wrangler:info] GET /assets/images/proof/eprops-install-checklist-preview-1200.ed787e002be1.webp 200 OK (5ms)
[wrangler:info] GET /assets/images/proof/eprops-aircraft-closeup-sky-ranger-1200.e528244af6fb.webp 200 OK (5ms)
[wrangler:info] GET /assets/images/proof/eprops-blade-damage-closeup-800.4e782a9a1125.webp 200 OK (6ms)
[wrangler:info] GET /e-props-dealer-support 200 OK (4ms)
[wrangler:info] GET /assets/site.fb5243d5f72f.js 200 OK (4ms)
[wrangler:info] GET /assets/brand/header-icon.b0db5ea0b294.webp 200 OK (4ms)
[wrangler:info] GET /assets/brand/header-wordmark.414fb23bd2e3.webp 200 OK (4ms)
[wrangler:info] GET /assets/images/proof/eprops-engineering-packet-fanout-1200-clean.a276129cd427.webp 200 OK (5ms)
[wrangler:info] GET /assets/images/proof/eprops-install-checklist-preview-1200.ed787e002be1.webp 200 OK (4ms)
[wrangler:info] GET /assets/images/proof/eprops-aircraft-closeup-sky-ranger-1200.e528244af6fb.webp 200 OK (5ms)
[wrangler:info] GET /assets/images/proof/eprops-blade-damage-closeup-800.4e782a9a1125.webp 200 OK (6ms)
[wrangler:info] GET /e-props-dealer-support 200 OK (7ms)
[wrangler:info] GET /assets/site.fb5243d5f72f.js 200 OK (3ms)
[wrangler:info] GET /assets/brand/header-icon.b0db5ea0b294.webp 200 OK (5ms)
[wrangler:info] GET /assets/brand/header-wordmark.414fb23bd2e3.webp 200 OK (5ms)
[wrangler:info] GET /assets/images/proof/eprops-engineering-packet-fanout-1200-clean.a276129cd427.webp 200 OK (5ms)
[wrangler:info] GET /assets/images/proof/eprops-install-checklist-preview-1200.ed787e002be1.webp 200 OK (5ms)
[wrangler:info] GET /assets/images/proof/eprops-aircraft-closeup-sky-ranger-1200.e528244af6fb.webp 200 OK (5ms)
[wrangler:info] GET /assets/images/proof/eprops-blade-damage-closeup-800.4e782a9a1125.webp 200 OK (6ms)
[wrangler:info] GET /e-props-dealer-support 200 OK (3ms)
[wrangler:info] GET /assets/site.fb5243d5f72f.js 200 OK (4ms)
[wrangler:info] GET /assets/brand/header-icon.b0db5ea0b294.webp 200 OK (3ms)
[wrangler:info] GET /assets/brand/header-wordmark.414fb23bd2e3.webp 200 OK (5ms)
[wrangler:info] GET /assets/images/proof/eprops-engineering-packet-fanout-1200-clean-responsive-400.7504bb6cef93.webp 200 OK (5ms)
[wrangler:info] GET /assets/images/proof/eprops-install-checklist-preview-1200-responsive-400.503e8e1190d1.webp 200 OK (9ms)
[wrangler:info] GET /assets/images/proof/eprops-aircraft-closeup-sky-ranger-1200-responsive-400.7785df50cbf7.webp 200 OK (9ms)
[wrangler:info] GET /assets/images/proof/eprops-blade-damage-closeup-800-responsive-400.0009fb9a57f4.webp 200 OK (10ms)
[wrangler:info] GET /rotax-9-series-912-914-915-916-support 200 OK (4ms)
[wrangler:info] GET /assets/site.fb5243d5f72f.js 200 OK (4ms)
[wrangler:info] GET /assets/brand/header-icon.b0db5ea0b294.webp 200 OK (6ms)
[wrangler:info] GET /assets/brand/header-wordmark.414fb23bd2e3.webp 200 OK (6ms)
[wrangler:info] GET /assets/images/proof/rotax-engine-on-hoist-800-responsive-400.3448a7629e60.webp 200 OK (3ms)
[wrangler:info] GET /assets/images/proof/dynavibe-kit-secured-seat-800-responsive-400.2c7f5513705e.webp 200 OK (4ms)
[wrangler:info] GET /rotax-9-series-912-914-915-916-support 200 OK (4ms)
[wrangler:info] GET /assets/site.fb5243d5f72f.js 200 OK (4ms)
[wrangler:info] GET /assets/brand/header-icon.b0db5ea0b294.webp 200 OK (4ms)
[wrangler:info] GET /assets/brand/header-wordmark.414fb23bd2e3.webp 200 OK (5ms)
[wrangler:info] GET /assets/images/proof/rotax-engine-on-hoist-800-responsive-400.3448a7629e60.webp 200 OK (3ms)
[wrangler:info] GET /assets/images/proof/dynavibe-kit-secured-seat-800-responsive-400.2c7f5513705e.webp 200 OK (4ms)
[wrangler:info] GET /rotax-9-series-912-914-915-916-support 200 OK (4ms)
[wrangler:info] GET /assets/site.fb5243d5f72f.js 200 OK (5ms)
[wrangler:info] GET /assets/brand/header-icon.b0db5ea0b294.webp 200 OK (9ms)
[wrangler:info] GET /assets/brand/header-wordmark.414fb23bd2e3.webp 200 OK (9ms)
[wrangler:info] GET /assets/images/proof/rotax-engine-on-hoist-800-responsive-400.3448a7629e60.webp 200 OK (4ms)
[wrangler:info] GET /assets/images/proof/dynavibe-kit-secured-seat-800-responsive-400.2c7f5513705e.webp 200 OK (6ms)
[wrangler:info] GET /rotax-9-series-912-914-915-916-support 200 OK (4ms)
[wrangler:info] GET /assets/site.fb5243d5f72f.js 200 OK (9ms)
[wrangler:info] GET /assets/brand/header-icon.b0db5ea0b294.webp 200 OK (8ms)
[wrangler:info] GET /assets/brand/header-wordmark.414fb23bd2e3.webp 200 OK (8ms)
[wrangler:info] GET /assets/images/proof/rotax-engine-on-hoist-800.934116da4fec.webp 200 OK (5ms)
[wrangler:info] GET /assets/images/proof/dynavibe-kit-secured-seat-800.f28e8596fc80.webp 200 OK (5ms)
[wrangler:info] GET /rotax-9-series-912-914-915-916-support 200 OK (4ms)
[wrangler:info] GET /assets/site.fb5243d5f72f.js 200 OK (5ms)
[wrangler:info] GET /assets/brand/header-icon.b0db5ea0b294.webp 200 OK (5ms)
[wrangler:info] GET /assets/brand/header-wordmark.414fb23bd2e3.webp 200 OK (5ms)
[wrangler:info] GET /assets/images/proof/rotax-engine-on-hoist-800.934116da4fec.webp 200 OK (3ms)
[wrangler:info] GET /assets/images/proof/dynavibe-kit-secured-seat-800.f28e8596fc80.webp 200 OK (3ms)
[wrangler:info] GET /rotax-9-series-912-914-915-916-support 200 OK (4ms)
[wrangler:info] GET /assets/site.fb5243d5f72f.js 200 OK (6ms)
[wrangler:info] GET /assets/brand/header-icon.b0db5ea0b294.webp 200 OK (7ms)
[wrangler:info] GET /assets/brand/header-wordmark.414fb23bd2e3.webp 200 OK (7ms)
[wrangler:info] GET /assets/images/proof/rotax-engine-on-hoist-800.934116da4fec.webp 200 OK (12ms)
[wrangler:info] GET /assets/images/proof/dynavibe-kit-secured-seat-800.f28e8596fc80.webp 200 OK (15ms)
[wrangler:info] GET /rotax-9-series-912-914-915-916-support 200 OK (4ms)
[wrangler:info] GET /assets/site.fb5243d5f72f.js 200 OK (8ms)
[wrangler:info] GET /assets/brand/header-icon.b0db5ea0b294.webp 200 OK (8ms)
[wrangler:info] GET /assets/brand/header-wordmark.414fb23bd2e3.webp 200 OK (12ms)
[wrangler:info] GET /assets/images/proof/rotax-engine-on-hoist-800-responsive-400.3448a7629e60.webp 200 OK (7ms)
[wrangler:info] GET /assets/images/proof/dynavibe-kit-secured-seat-800-responsive-400.2c7f5513705e.webp 200 OK (8ms)
[wrangler:info] GET /contact 200 OK (3ms)
[wrangler:info] GET /assets/site.fb5243d5f72f.js 200 OK (7ms)
[wrangler:info] GET /assets/brand/header-icon.b0db5ea0b294.webp 200 OK (6ms)
[wrangler:info] GET /assets/brand/header-wordmark.414fb23bd2e3.webp 200 OK (6ms)
[wrangler:info] GET /assets/images/proof/aircraft-open-cowling-under-canopy-800-responsive-400.7c41497e88ac.webp 200 OK (3ms)
[wrangler:info] GET /contact 200 OK (4ms)
[wrangler:info] GET /assets/site.fb5243d5f72f.js 200 OK (4ms)
[wrangler:info] GET /assets/brand/header-icon.b0db5ea0b294.webp 200 OK (4ms)
[wrangler:info] GET /assets/brand/header-wordmark.414fb23bd2e3.webp 200 OK (4ms)
[wrangler:info] GET /assets/images/proof/aircraft-open-cowling-under-canopy-800-responsive-400.7c41497e88ac.webp 200 OK (4ms)
[wrangler:info] GET /contact 200 OK (4ms)
[wrangler:info] GET /assets/site.fb5243d5f72f.js 200 OK (6ms)
[wrangler:info] GET /assets/brand/header-icon.b0db5ea0b294.webp 200 OK (7ms)
[wrangler:info] GET /assets/brand/header-wordmark.414fb23bd2e3.webp 200 OK (8ms)
[wrangler:info] GET /assets/images/proof/aircraft-open-cowling-under-canopy-800-responsive-400.7c41497e88ac.webp 200 OK (4ms)
[wrangler:info] GET /contact 200 OK (4ms)
[wrangler:info] GET /assets/site.fb5243d5f72f.js 200 OK (3ms)
[wrangler:info] GET /assets/brand/header-icon.b0db5ea0b294.webp 200 OK (3ms)
[wrangler:info] GET /assets/brand/header-wordmark.414fb23bd2e3.webp 200 OK (5ms)
[wrangler:info] GET /assets/images/proof/aircraft-open-cowling-under-canopy-800.76f942ad3352.webp 200 OK (4ms)
[wrangler:info] GET /contact 200 OK (3ms)
[wrangler:info] GET /assets/site.fb5243d5f72f.js 200 OK (5ms)
[wrangler:info] GET /assets/brand/header-icon.b0db5ea0b294.webp 200 OK (6ms)
[wrangler:info] GET /assets/brand/header-wordmark.414fb23bd2e3.webp 200 OK (5ms)
[wrangler:info] GET /assets/images/proof/aircraft-open-cowling-under-canopy-800.76f942ad3352.webp 200 OK (4ms)
[wrangler:info] GET /contact 200 OK (4ms)
[wrangler:info] GET /assets/site.fb5243d5f72f.js 200 OK (4ms)
[wrangler:info] GET /assets/brand/header-icon.b0db5ea0b294.webp 200 OK (5ms)
[wrangler:info] GET /assets/brand/header-wordmark.414fb23bd2e3.webp 200 OK (5ms)
[wrangler:info] GET /assets/images/proof/aircraft-open-cowling-under-canopy-800.76f942ad3352.webp 200 OK (5ms)
[wrangler:info] GET /contact 200 OK (4ms)
[wrangler:info] GET /assets/site.fb5243d5f72f.js 200 OK (5ms)
[wrangler:info] GET /assets/brand/header-icon.b0db5ea0b294.webp 200 OK (6ms)
[wrangler:info] GET /assets/brand/header-wordmark.414fb23bd2e3.webp 200 OK (8ms)
[wrangler:info] GET /assets/images/proof/aircraft-open-cowling-under-canopy-800-responsive-400.7c41497e88ac.webp 200 OK (3ms)
[wrangler:info] GET /aircraft-records-review 200 OK (3ms)
[wrangler:info] GET /assets/site.fb5243d5f72f.js 200 OK (3ms)
[wrangler:info] GET /assets/brand/header-icon.b0db5ea0b294.webp 200 OK (4ms)
[wrangler:info] GET /assets/brand/header-wordmark.414fb23bd2e3.webp 200 OK (4ms)
[wrangler:info] GET /assets/images/proof/lca-logbook-work-sticker-proof-800-responsive-400.a263ba78cf33.webp 200 OK (4ms)
[wrangler:info] GET /aircraft-records-review 200 OK (4ms)
[wrangler:info] GET /assets/site.fb5243d5f72f.js 200 OK (4ms)
[wrangler:info] GET /assets/brand/header-icon.b0db5ea0b294.webp 200 OK (4ms)
[wrangler:info] GET /assets/brand/header-wordmark.414fb23bd2e3.webp 200 OK (6ms)
[wrangler:info] GET /assets/images/proof/lca-logbook-work-sticker-proof-800-responsive-400.a263ba78cf33.webp 200 OK (3ms)
[wrangler:info] GET /aircraft-records-review 200 OK (6ms)
[wrangler:info] GET /assets/site.fb5243d5f72f.js 200 OK (3ms)
[wrangler:info] GET /assets/brand/header-icon.b0db5ea0b294.webp 200 OK (3ms)
[wrangler:info] GET /assets/brand/header-wordmark.414fb23bd2e3.webp 200 OK (4ms)
[wrangler:info] GET /assets/images/proof/lca-logbook-work-sticker-proof-800-responsive-400.a263ba78cf33.webp 200 OK (3ms)
[wrangler:info] GET /aircraft-records-review 200 OK (6ms)
[wrangler:info] GET /assets/images/proof/lca-logbook-work-sticker-proof-800.223667ddc620.webp 200 OK (5ms)
[wrangler:info] GET /assets/site.fb5243d5f72f.js 200 OK (6ms)
[wrangler:info] GET /assets/brand/header-icon.b0db5ea0b294.webp 200 OK (6ms)
[wrangler:info] GET /assets/brand/header-wordmark.414fb23bd2e3.webp 200 OK (7ms)
[wrangler:info] GET /assets/images/proof/lca-logbook-work-sticker-proof-800.223667ddc620.webp 200 OK (3ms)
[wrangler:info] GET /aircraft-records-review 200 OK (4ms)
[wrangler:info] GET /assets/site.fb5243d5f72f.js 200 OK (4ms)
[wrangler:info] GET /assets/brand/header-icon.b0db5ea0b294.webp 200 OK (6ms)
[wrangler:info] GET /assets/brand/header-wordmark.414fb23bd2e3.webp 200 OK (7ms)
[wrangler:info] GET /assets/images/proof/lca-logbook-work-sticker-proof-800.223667ddc620.webp 200 OK (8ms)
[wrangler:info] GET /aircraft-records-review 200 OK (3ms)
[wrangler:info] GET /assets/site.fb5243d5f72f.js 200 OK (8ms)
[wrangler:info] GET /assets/brand/header-icon.b0db5ea0b294.webp 200 OK (14ms)
[wrangler:info] GET /assets/brand/header-wordmark.414fb23bd2e3.webp 200 OK (14ms)
[wrangler:info] GET /assets/images/proof/lca-logbook-work-sticker-proof-800.223667ddc620.webp 200 OK (7ms)
[wrangler:info] GET /aircraft-records-review 200 OK (4ms)
[wrangler:info] GET /assets/site.fb5243d5f72f.js 200 OK (8ms)
[wrangler:info] GET /assets/brand/header-icon.b0db5ea0b294.webp 200 OK (8ms)
[wrangler:info] GET /assets/brand/header-wordmark.414fb23bd2e3.webp 200 OK (8ms)
[wrangler:info] GET /assets/images/proof/lca-logbook-work-sticker-proof-800-responsive-400.a263ba78cf33.webp 200 OK (3ms)
[wrangler:info] GET /rotax-rubber-hose-replacement-fluid-leaks 200 OK (3ms)
[wrangler:info] GET /assets/site.fb5243d5f72f.js 200 OK (4ms)
[wrangler:info] GET /assets/brand/header-icon.b0db5ea0b294.webp 200 OK (4ms)
[wrangler:info] GET /assets/brand/header-wordmark.414fb23bd2e3.webp 200 OK (4ms)
[wrangler:info] GET /assets/images/proof/rotax-rubber-hose-routing-overview-1000-responsive-400.15b091f89c2b.webp 200 OK (4ms)
[wrangler:info] GET /assets/images/proof/coolant-hose-leak-source-tracing-800-responsive-400.b1ac09a2803a.webp 200 OK (5ms)
[wrangler:info] GET /rotax-rubber-hose-replacement-fluid-leaks 200 OK (3ms)
[wrangler:info] GET /assets/site.fb5243d5f72f.js 200 OK (5ms)
[wrangler:info] GET /assets/brand/header-icon.b0db5ea0b294.webp 200 OK (5ms)
[wrangler:info] GET /assets/brand/header-wordmark.414fb23bd2e3.webp 200 OK (5ms)
[wrangler:info] GET /assets/images/proof/rotax-rubber-hose-routing-overview-1000-responsive-400.15b091f89c2b.webp 200 OK (4ms)
[wrangler:info] GET /assets/images/proof/coolant-hose-leak-source-tracing-800-responsive-400.b1ac09a2803a.webp 200 OK (4ms)
[wrangler:info] GET /rotax-rubber-hose-replacement-fluid-leaks 200 OK (4ms)
[wrangler:info] GET /assets/site.fb5243d5f72f.js 200 OK (4ms)
[wrangler:info] GET /assets/brand/header-icon.b0db5ea0b294.webp 200 OK (4ms)
[wrangler:info] GET /assets/brand/header-wordmark.414fb23bd2e3.webp 200 OK (5ms)
[wrangler:info] GET /assets/images/proof/rotax-rubber-hose-routing-overview-1000-responsive-400.15b091f89c2b.webp 200 OK (4ms)
[wrangler:info] GET /assets/images/proof/coolant-hose-leak-source-tracing-800-responsive-400.b1ac09a2803a.webp 200 OK (4ms)
[wrangler:info] GET /rotax-rubber-hose-replacement-fluid-leaks 200 OK (4ms)
[wrangler:info] GET /assets/site.fb5243d5f72f.js 200 OK (11ms)
[wrangler:info] GET /assets/brand/header-icon.b0db5ea0b294.webp 200 OK (12ms)
[wrangler:info] GET /assets/brand/header-wordmark.414fb23bd2e3.webp 200 OK (12ms)
[wrangler:info] GET /assets/images/proof/rotax-rubber-hose-routing-overview-1000.12d74bf4808f.webp 200 OK (10ms)
[wrangler:info] GET /assets/images/proof/coolant-hose-leak-source-tracing-800.763bd5176949.webp 200 OK (11ms)
[wrangler:info] GET /rotax-rubber-hose-replacement-fluid-leaks 200 OK (3ms)
[wrangler:info] GET /assets/site.fb5243d5f72f.js 200 OK (3ms)
[wrangler:info] GET /assets/brand/header-icon.b0db5ea0b294.webp 200 OK (4ms)
[wrangler:info] GET /assets/brand/header-wordmark.414fb23bd2e3.webp 200 OK (4ms)
[wrangler:info] GET /assets/images/proof/rotax-rubber-hose-routing-overview-1000.12d74bf4808f.webp 200 OK (4ms)
[wrangler:info] GET /assets/images/proof/coolant-hose-leak-source-tracing-800.763bd5176949.webp 200 OK (5ms)
[wrangler:info] GET /rotax-rubber-hose-replacement-fluid-leaks 200 OK (4ms)
[wrangler:info] GET /assets/site.fb5243d5f72f.js 200 OK (5ms)
[wrangler:info] GET /assets/brand/header-icon.b0db5ea0b294.webp 200 OK (7ms)
[wrangler:info] GET /assets/brand/header-wordmark.414fb23bd2e3.webp 200 OK (7ms)
[wrangler:info] GET /assets/images/proof/rotax-rubber-hose-routing-overview-1000.12d74bf4808f.webp 200 OK (5ms)
[wrangler:info] GET /assets/images/proof/coolant-hose-leak-source-tracing-800.763bd5176949.webp 200 OK (6ms)
[wrangler:info] GET /rotax-rubber-hose-replacement-fluid-leaks 200 OK (8ms)
[wrangler:info] GET /assets/site.fb5243d5f72f.js 200 OK (7ms)
[wrangler:info] GET /assets/brand/header-icon.b0db5ea0b294.webp 200 OK (8ms)
[wrangler:info] GET /assets/brand/header-wordmark.414fb23bd2e3.webp 200 OK (9ms)
[wrangler:info] GET /assets/images/proof/rotax-rubber-hose-routing-overview-1000-responsive-400.15b091f89c2b.webp 200 OK (9ms)
[wrangler:info] GET /assets/images/proof/coolant-hose-leak-source-tracing-800-responsive-400.b1ac09a2803a.webp 200 OK (6ms)
[wrangler:info] GET /rotax-912-mag-drop-troubleshooting 200 OK (3ms)
[wrangler:info] GET /assets/site.fb5243d5f72f.js 200 OK (5ms)
[wrangler:info] GET /assets/brand/header-icon.b0db5ea0b294.webp 200 OK (4ms)
[wrangler:info] GET /assets/brand/header-wordmark.414fb23bd2e3.webp 200 OK (5ms)
[wrangler:info] GET /rotax-912-mag-drop-troubleshooting 200 OK (3ms)
[wrangler:info] GET /assets/site.fb5243d5f72f.js 200 OK (4ms)
[wrangler:info] GET /assets/brand/header-icon.b0db5ea0b294.webp 200 OK (5ms)
[wrangler:info] GET /assets/brand/header-wordmark.414fb23bd2e3.webp 200 OK (5ms)
[wrangler:info] GET /rotax-912-mag-drop-troubleshooting 200 OK (3ms)
[wrangler:info] GET /assets/site.fb5243d5f72f.js 200 OK (6ms)
[wrangler:info] GET /assets/brand/header-icon.b0db5ea0b294.webp 200 OK (7ms)
[wrangler:info] GET /assets/brand/header-wordmark.414fb23bd2e3.webp 200 OK (7ms)
[wrangler:info] GET /rotax-912-mag-drop-troubleshooting 200 OK (4ms)
[wrangler:info] GET /assets/site.fb5243d5f72f.js 200 OK (4ms)
[wrangler:info] GET /assets/brand/header-icon.b0db5ea0b294.webp 200 OK (4ms)
[wrangler:info] GET /assets/brand/header-wordmark.414fb23bd2e3.webp 200 OK (4ms)
[wrangler:info] GET /rotax-912-mag-drop-troubleshooting 200 OK (4ms)
[wrangler:info] GET /assets/site.fb5243d5f72f.js 200 OK (3ms)
[wrangler:info] GET /assets/brand/header-icon.b0db5ea0b294.webp 200 OK (4ms)
[wrangler:info] GET /assets/brand/header-wordmark.414fb23bd2e3.webp 200 OK (6ms)
[wrangler:info] GET /rotax-912-mag-drop-troubleshooting 200 OK (3ms)
[wrangler:info] GET /assets/site.fb5243d5f72f.js 200 OK (5ms)
[wrangler:info] GET /assets/brand/header-icon.b0db5ea0b294.webp 200 OK (5ms)
[wrangler:info] GET /assets/brand/header-wordmark.414fb23bd2e3.webp 200 OK (6ms)
[wrangler:info] GET /rotax-912-mag-drop-troubleshooting 200 OK (4ms)
[wrangler:info] GET /assets/site.fb5243d5f72f.js 200 OK (8ms)
[wrangler:info] GET /assets/brand/header-icon.b0db5ea0b294.webp 200 OK (7ms)
[wrangler:info] GET /assets/brand/header-wordmark.414fb23bd2e3.webp 200 OK (8ms)
[wrangler:info] GET /rotax-cooling-oil-temperature-problems 200 OK (4ms)
[wrangler:info] GET /assets/site.fb5243d5f72f.js 200 OK (5ms)
[wrangler:info] GET /assets/brand/header-icon.b0db5ea0b294.webp 200 OK (6ms)
[wrangler:info] GET /assets/brand/header-wordmark.414fb23bd2e3.webp 200 OK (4ms)
[wrangler:info] GET /assets/images/proof/coolant-residue-cylinder-head-hose-leak-800-responsive-400.eef824185f47.webp 200 OK (2ms)
[wrangler:info] GET /rotax-cooling-oil-temperature-problems 200 OK (4ms)
[wrangler:info] GET /assets/site.fb5243d5f72f.js 200 OK (6ms)
[wrangler:info] GET /assets/brand/header-icon.b0db5ea0b294.webp 200 OK (7ms)
[wrangler:info] GET /assets/brand/header-wordmark.414fb23bd2e3.webp 200 OK (6ms)
[wrangler:info] GET /assets/images/proof/coolant-residue-cylinder-head-hose-leak-800-responsive-400.eef824185f47.webp 200 OK (4ms)
[wrangler:info] GET /rotax-cooling-oil-temperature-problems 200 OK (3ms)
[wrangler:info] GET /assets/site.fb5243d5f72f.js 200 OK (5ms)
[wrangler:info] GET /assets/brand/header-icon.b0db5ea0b294.webp 200 OK (6ms)
[wrangler:info] GET /assets/brand/header-wordmark.414fb23bd2e3.webp 200 OK (7ms)
[wrangler:info] GET /assets/images/proof/coolant-residue-cylinder-head-hose-leak-800-responsive-400.eef824185f47.webp 200 OK (4ms)
[wrangler:info] GET /rotax-cooling-oil-temperature-problems 200 OK (4ms)
[wrangler:info] GET /assets/site.fb5243d5f72f.js 200 OK (4ms)
[wrangler:info] GET /assets/brand/header-icon.b0db5ea0b294.webp 200 OK (5ms)
[wrangler:info] GET /assets/brand/header-wordmark.414fb23bd2e3.webp 200 OK (5ms)
[wrangler:info] GET /assets/images/proof/coolant-residue-cylinder-head-hose-leak-800.64455d5d159e.webp 200 OK (4ms)
[wrangler:info] GET /rotax-cooling-oil-temperature-problems 200 OK (4ms)
[wrangler:info] GET /assets/site.fb5243d5f72f.js 200 OK (11ms)
[wrangler:info] GET /assets/brand/header-icon.b0db5ea0b294.webp 200 OK (11ms)
[wrangler:info] GET /assets/brand/header-wordmark.414fb23bd2e3.webp 200 OK (12ms)
[wrangler:info] GET /assets/images/proof/coolant-residue-cylinder-head-hose-leak-800.64455d5d159e.webp 200 OK (4ms)
[wrangler:info] GET /rotax-cooling-oil-temperature-problems 200 OK (3ms)
[wrangler:info] GET /assets/site.fb5243d5f72f.js 200 OK (4ms)
[wrangler:info] GET /assets/brand/header-icon.b0db5ea0b294.webp 200 OK (4ms)
[wrangler:info] GET /assets/brand/header-wordmark.414fb23bd2e3.webp 200 OK (4ms)
[wrangler:info] GET /assets/images/proof/coolant-residue-cylinder-head-hose-leak-800.64455d5d159e.webp 200 OK (6ms)
[wrangler:info] GET /rotax-cooling-oil-temperature-problems 200 OK (4ms)
[wrangler:info] GET /assets/site.fb5243d5f72f.js 200 OK (5ms)
[wrangler:info] GET /assets/brand/header-icon.b0db5ea0b294.webp 200 OK (5ms)
[wrangler:info] GET /assets/brand/header-wordmark.414fb23bd2e3.webp 200 OK (5ms)
[wrangler:info] GET /assets/images/proof/coolant-residue-cylinder-head-hose-leak-800-responsive-400.eef824185f47.webp 200 OK (4ms)
[wrangler:info] GET /rotax-912-carb-sync 200 OK (4ms)
[wrangler:info] GET /assets/site.fb5243d5f72f.js 200 OK (5ms)
[wrangler:info] GET /assets/brand/header-icon.b0db5ea0b294.webp 200 OK (4ms)
[wrangler:info] GET /assets/brand/header-wordmark.414fb23bd2e3.webp 200 OK (6ms)
[wrangler:info] GET /assets/images/proof/carbmate-carb-sync-kit-card-800-responsive-400.eeeaf242f56d.webp 200 OK (4ms)
[wrangler:info] GET /rotax-912-carb-sync 200 OK (3ms)
[wrangler:info] GET /assets/site.fb5243d5f72f.js 200 OK (6ms)
[wrangler:info] GET /assets/brand/header-icon.b0db5ea0b294.webp 200 OK (6ms)
[wrangler:info] GET /assets/brand/header-wordmark.414fb23bd2e3.webp 200 OK (7ms)
[wrangler:info] GET /assets/images/proof/carbmate-carb-sync-kit-card-800-responsive-400.eeeaf242f56d.webp 200 OK (4ms)
[wrangler:info] GET /rotax-912-carb-sync 200 OK (3ms)
[wrangler:info] GET /assets/site.fb5243d5f72f.js 200 OK (4ms)
[wrangler:info] GET /assets/brand/header-icon.b0db5ea0b294.webp 200 OK (5ms)
[wrangler:info] GET /assets/brand/header-wordmark.414fb23bd2e3.webp 200 OK (5ms)
[wrangler:info] GET /assets/images/proof/carbmate-carb-sync-kit-card-800-responsive-400.eeeaf242f56d.webp 200 OK (3ms)
[wrangler:info] GET /rotax-912-carb-sync 200 OK (4ms)
[wrangler:info] GET /assets/site.fb5243d5f72f.js 200 OK (3ms)
[wrangler:info] GET /assets/brand/header-icon.b0db5ea0b294.webp 200 OK (5ms)
[wrangler:info] GET /assets/brand/header-wordmark.414fb23bd2e3.webp 200 OK (4ms)
[wrangler:info] GET /assets/images/proof/carbmate-carb-sync-kit-card-800.cda6a94a2c80.webp 200 OK (4ms)
[wrangler:info] GET /rotax-912-carb-sync 200 OK (3ms)
[wrangler:info] GET /assets/site.fb5243d5f72f.js 200 OK (5ms)
[wrangler:info] GET /assets/brand/header-icon.b0db5ea0b294.webp 200 OK (6ms)
[wrangler:info] GET /assets/brand/header-wordmark.414fb23bd2e3.webp 200 OK (7ms)
[wrangler:info] GET /assets/images/proof/carbmate-carb-sync-kit-card-800.cda6a94a2c80.webp 200 OK (5ms)
[wrangler:info] GET /rotax-912-carb-sync 200 OK (3ms)
[wrangler:info] GET /assets/site.fb5243d5f72f.js 200 OK (5ms)
[wrangler:info] GET /assets/brand/header-icon.b0db5ea0b294.webp 200 OK (6ms)
[wrangler:info] GET /assets/brand/header-wordmark.414fb23bd2e3.webp 200 OK (9ms)
[wrangler:info] GET /assets/images/proof/carbmate-carb-sync-kit-card-800.cda6a94a2c80.webp 200 OK (4ms)
[wrangler:info] GET /rotax-912-carb-sync 200 OK (3ms)
[wrangler:info] GET /assets/site.fb5243d5f72f.js 200 OK (4ms)
[wrangler:info] GET /assets/brand/header-icon.b0db5ea0b294.webp 200 OK (4ms)
[wrangler:info] GET /assets/brand/header-wordmark.414fb23bd2e3.webp 200 OK (4ms)
[wrangler:info] GET /assets/images/proof/carbmate-carb-sync-kit-card-800-responsive-400.eeeaf242f56d.webp 200 OK (4ms)
[wrangler:info] GET /security-disclosure 200 OK (4ms)
[wrangler:info] GET /assets/site.fb5243d5f72f.js 200 OK (6ms)
[wrangler:info] GET /assets/brand/header-icon.b0db5ea0b294.webp 200 OK (6ms)
[wrangler:info] GET /assets/brand/header-wordmark.414fb23bd2e3.webp 200 OK (6ms)
[wrangler:info] GET /security-disclosure 200 OK (6ms)
[wrangler:info] GET /assets/site.fb5243d5f72f.js 200 OK (8ms)
[wrangler:info] GET /assets/brand/header-icon.b0db5ea0b294.webp 200 OK (9ms)
[wrangler:info] GET /assets/brand/header-wordmark.414fb23bd2e3.webp 200 OK (9ms)
[wrangler:info] GET /security-disclosure 200 OK (3ms)
[wrangler:info] GET /assets/site.fb5243d5f72f.js 200 OK (4ms)
[wrangler:info] GET /assets/brand/header-icon.b0db5ea0b294.webp 200 OK (4ms)
[wrangler:info] GET /assets/brand/header-wordmark.414fb23bd2e3.webp 200 OK (4ms)
[wrangler:info] GET /security-disclosure 200 OK (3ms)
[wrangler:info] GET /assets/site.fb5243d5f72f.js 200 OK (4ms)
[wrangler:info] GET /assets/brand/header-icon.b0db5ea0b294.webp 200 OK (4ms)
[wrangler:info] GET /assets/brand/header-wordmark.414fb23bd2e3.webp 200 OK (5ms)
[wrangler:info] GET /security-disclosure 200 OK (5ms)
[wrangler:info] GET /assets/site.fb5243d5f72f.js 200 OK (4ms)
[wrangler:info] GET /assets/brand/header-icon.b0db5ea0b294.webp 200 OK (5ms)
[wrangler:info] GET /assets/brand/header-wordmark.414fb23bd2e3.webp 200 OK (5ms)
[wrangler:info] GET /security-disclosure 200 OK (4ms)
[wrangler:info] GET /assets/site.fb5243d5f72f.js 200 OK (5ms)
[wrangler:info] GET /assets/brand/header-icon.b0db5ea0b294.webp 200 OK (4ms)
[wrangler:info] GET /assets/brand/header-wordmark.414fb23bd2e3.webp 200 OK (5ms)
[wrangler:info] GET /security-disclosure 200 OK (4ms)
[wrangler:info] GET /assets/site.fb5243d5f72f.js 200 OK (3ms)
[wrangler:info] GET /assets/brand/header-icon.b0db5ea0b294.webp 200 OK (4ms)
[wrangler:info] GET /assets/brand/header-wordmark.414fb23bd2e3.webp 200 OK (4ms)
[wrangler:info] GET /services 200 OK (3ms)
[wrangler:info] GET /assets/site.fb5243d5f72f.js 200 OK (3ms)
[wrangler:info] GET /assets/brand/header-icon.b0db5ea0b294.webp 200 OK (4ms)
[wrangler:info] GET /assets/brand/header-wordmark.414fb23bd2e3.webp 200 OK (4ms)
[wrangler:info] GET /assets/images/proof/differential-pressure-tester-clean-800-responsive-400.0098afdd95bc.webp 200 OK (5ms)
[wrangler:info] GET /assets/images/proof/xps-oil-rotax-filter-service-800-responsive-400.9d1853f83ce2.webp 200 OK (6ms)
[wrangler:info] GET /assets/images/proof/rotax-installed-hose-overview-card-800-responsive-400.ed9d6e910835.webp 200 OK (7ms)
[wrangler:info] GET /assets/images/proof/carbmate-carb-sync-kit-card-800-responsive-400.eeeaf242f56d.webp 200 OK (8ms)
[wrangler:info] GET /services 200 OK (4ms)
[wrangler:info] GET /assets/site.fb5243d5f72f.js 200 OK (4ms)
[wrangler:info] GET /assets/brand/header-icon.b0db5ea0b294.webp 200 OK (5ms)
[wrangler:info] GET /assets/brand/header-wordmark.414fb23bd2e3.webp 200 OK (5ms)
[wrangler:info] GET /assets/images/proof/differential-pressure-tester-clean-800-responsive-400.0098afdd95bc.webp 200 OK (5ms)
[wrangler:info] GET /assets/images/proof/xps-oil-rotax-filter-service-800-responsive-400.9d1853f83ce2.webp 200 OK (5ms)
[wrangler:info] GET /assets/images/proof/rotax-installed-hose-overview-card-800-responsive-400.ed9d6e910835.webp 200 OK (6ms)
[wrangler:info] GET /assets/images/proof/carbmate-carb-sync-kit-card-800-responsive-400.eeeaf242f56d.webp 200 OK (6ms)
[wrangler:info] GET /services 200 OK (3ms)
[wrangler:info] GET /assets/site.fb5243d5f72f.js 200 OK (4ms)
[wrangler:info] GET /assets/brand/header-icon.b0db5ea0b294.webp 200 OK (5ms)
[wrangler:info] GET /assets/brand/header-wordmark.414fb23bd2e3.webp 200 OK (5ms)
[wrangler:info] GET /assets/images/proof/differential-pressure-tester-clean-800-responsive-400.0098afdd95bc.webp 200 OK (7ms)
[wrangler:info] GET /assets/images/proof/xps-oil-rotax-filter-service-800-responsive-400.9d1853f83ce2.webp 200 OK (14ms)
[wrangler:info] GET /assets/images/proof/rotax-installed-hose-overview-card-800-responsive-400.ed9d6e910835.webp 200 OK (13ms)
[wrangler:info] GET /assets/images/proof/carbmate-carb-sync-kit-card-800-responsive-400.eeeaf242f56d.webp 200 OK (13ms)
[wrangler:info] GET /services 200 OK (4ms)
[wrangler:info] GET /assets/site.fb5243d5f72f.js 200 OK (4ms)
[wrangler:info] GET /assets/brand/header-icon.b0db5ea0b294.webp 200 OK (4ms)
[wrangler:info] GET /assets/brand/header-wordmark.414fb23bd2e3.webp 200 OK (5ms)
[wrangler:info] GET /assets/images/proof/differential-pressure-tester-clean-800.2119ab0c2a4a.webp 200 OK (7ms)
[wrangler:info] GET /assets/images/proof/xps-oil-rotax-filter-service-800.81c6c2441472.webp 200 OK (6ms)
[wrangler:info] GET /assets/images/proof/rotax-installed-hose-overview-card-800.d45d0659b512.webp 200 OK (7ms)
[wrangler:info] GET /assets/images/proof/carbmate-carb-sync-kit-card-800.cda6a94a2c80.webp 200 OK (8ms)
[wrangler:info] GET /services 200 OK (3ms)
[wrangler:info] GET /assets/site.fb5243d5f72f.js 200 OK (11ms)
[wrangler:info] GET /assets/brand/header-icon.b0db5ea0b294.webp 200 OK (9ms)
[wrangler:info] GET /assets/brand/header-wordmark.414fb23bd2e3.webp 200 OK (11ms)
[wrangler:info] GET /assets/images/proof/differential-pressure-tester-clean-800.2119ab0c2a4a.webp 200 OK (7ms)
[wrangler:info] GET /assets/images/proof/xps-oil-rotax-filter-service-800.81c6c2441472.webp 200 OK (7ms)
[wrangler:info] GET /assets/images/proof/rotax-installed-hose-overview-card-800.d45d0659b512.webp 200 OK (7ms)
[wrangler:info] GET /assets/images/proof/carbmate-carb-sync-kit-card-800.cda6a94a2c80.webp 200 OK (6ms)
[wrangler:info] GET /services 200 OK (3ms)
[wrangler:info] GET /assets/site.fb5243d5f72f.js 200 OK (4ms)
[wrangler:info] GET /assets/brand/header-icon.b0db5ea0b294.webp 200 OK (4ms)
[wrangler:info] GET /assets/brand/header-wordmark.414fb23bd2e3.webp 200 OK (4ms)
[wrangler:info] GET /assets/images/proof/differential-pressure-tester-clean-800.2119ab0c2a4a.webp 200 OK (9ms)
[wrangler:info] GET /assets/images/proof/xps-oil-rotax-filter-service-800.81c6c2441472.webp 200 OK (9ms)
[wrangler:info] GET /assets/images/proof/rotax-installed-hose-overview-card-800.d45d0659b512.webp 200 OK (9ms)
[wrangler:info] GET /assets/images/proof/carbmate-carb-sync-kit-card-800.cda6a94a2c80.webp 200 OK (10ms)
[wrangler:info] GET /services 200 OK (3ms)
[wrangler:info] GET /assets/site.fb5243d5f72f.js 200 OK (5ms)
[wrangler:info] GET /assets/brand/header-icon.b0db5ea0b294.webp 200 OK (5ms)
[wrangler:info] GET /assets/brand/header-wordmark.414fb23bd2e3.webp 200 OK (5ms)
[wrangler:info] GET /assets/images/proof/differential-pressure-tester-clean-800-responsive-400.0098afdd95bc.webp 200 OK (5ms)
[wrangler:info] GET /assets/images/proof/xps-oil-rotax-filter-service-800-responsive-400.9d1853f83ce2.webp 200 OK (5ms)
[wrangler:info] GET /assets/images/proof/rotax-installed-hose-overview-card-800-responsive-400.ed9d6e910835.webp 200 OK (6ms)
[wrangler:info] GET /assets/images/proof/carbmate-carb-sync-kit-card-800-responsive-400.eeeaf242f56d.webp 200 OK (7ms)
[wrangler:info] GET /rotax-gearbox-notice 200 OK (4ms)
[wrangler:info] GET /assets/site.fb5243d5f72f.js 200 OK (4ms)
[wrangler:info] GET /assets/brand/header-icon.b0db5ea0b294.webp 200 OK (6ms)
[wrangler:info] GET /assets/brand/header-wordmark.414fb23bd2e3.webp 200 OK (5ms)
[wrangler:info] GET /rotax-gearbox-notice 200 OK (4ms)
[wrangler:info] GET /assets/site.fb5243d5f72f.js 200 OK (6ms)
[wrangler:info] GET /assets/brand/header-icon.b0db5ea0b294.webp 200 OK (4ms)
[wrangler:info] GET /assets/brand/header-wordmark.414fb23bd2e3.webp 200 OK (4ms)
[wrangler:info] GET /rotax-gearbox-notice 200 OK (3ms)
[wrangler:info] GET /assets/site.fb5243d5f72f.js 200 OK (7ms)
[wrangler:info] GET /assets/brand/header-icon.b0db5ea0b294.webp 200 OK (5ms)
[wrangler:info] GET /assets/brand/header-wordmark.414fb23bd2e3.webp 200 OK (5ms)
[wrangler:info] GET /rotax-gearbox-notice 200 OK (7ms)
[wrangler:info] GET /assets/site.fb5243d5f72f.js 200 OK (5ms)
[wrangler:info] GET /assets/brand/header-icon.b0db5ea0b294.webp 200 OK (5ms)
[wrangler:info] GET /assets/brand/header-wordmark.414fb23bd2e3.webp 200 OK (6ms)
[wrangler:info] GET /rotax-gearbox-notice 200 OK (4ms)
[wrangler:info] GET /assets/site.fb5243d5f72f.js 200 OK (5ms)
[wrangler:info] GET /assets/brand/header-icon.b0db5ea0b294.webp 200 OK (5ms)
[wrangler:info] GET /assets/brand/header-wordmark.414fb23bd2e3.webp 200 OK (5ms)
[wrangler:info] GET /rotax-gearbox-notice 200 OK (4ms)
[wrangler:info] GET /assets/site.fb5243d5f72f.js 200 OK (4ms)
[wrangler:info] GET /assets/brand/header-icon.b0db5ea0b294.webp 200 OK (5ms)
[wrangler:info] GET /assets/brand/header-wordmark.414fb23bd2e3.webp 200 OK (5ms)
[wrangler:info] GET /rotax-gearbox-notice 200 OK (6ms)
[wrangler:info] GET /assets/site.fb5243d5f72f.js 200 OK (4ms)
[wrangler:info] GET /assets/brand/header-icon.b0db5ea0b294.webp 200 OK (4ms)
[wrangler:info] GET /assets/brand/header-wordmark.414fb23bd2e3.webp 200 OK (4ms)
[wrangler:info] GET /rotax-turbocharger-notice 200 OK (3ms)
[wrangler:info] GET /assets/site.fb5243d5f72f.js 200 OK (3ms)
[wrangler:info] GET /assets/brand/header-icon.b0db5ea0b294.webp 200 OK (4ms)
[wrangler:info] GET /assets/brand/header-wordmark.414fb23bd2e3.webp 200 OK (4ms)
[wrangler:info] GET /rotax-turbocharger-notice 200 OK (4ms)
[wrangler:info] GET /assets/site.fb5243d5f72f.js 200 OK (7ms)
[wrangler:info] GET /assets/brand/header-icon.b0db5ea0b294.webp 200 OK (6ms)
[wrangler:info] GET /assets/brand/header-wordmark.414fb23bd2e3.webp 200 OK (7ms)
[wrangler:info] GET /rotax-turbocharger-notice 200 OK (4ms)
[wrangler:info] GET /assets/site.fb5243d5f72f.js 200 OK (4ms)
[wrangler:info] GET /assets/brand/header-icon.b0db5ea0b294.webp 200 OK (4ms)
[wrangler:info] GET /assets/brand/header-wordmark.414fb23bd2e3.webp 200 OK (5ms)
[wrangler:info] GET /rotax-turbocharger-notice 200 OK (5ms)
[wrangler:info] GET /assets/site.fb5243d5f72f.js 200 OK (4ms)
[wrangler:info] GET /assets/brand/header-icon.b0db5ea0b294.webp 200 OK (4ms)
[wrangler:info] GET /assets/brand/header-wordmark.414fb23bd2e3.webp 200 OK (5ms)
[wrangler:info] GET /rotax-turbocharger-notice 200 OK (4ms)
[wrangler:info] GET /assets/site.fb5243d5f72f.js 200 OK (4ms)
[wrangler:info] GET /assets/brand/header-icon.b0db5ea0b294.webp 200 OK (4ms)
[wrangler:info] GET /assets/brand/header-wordmark.414fb23bd2e3.webp 200 OK (5ms)
[wrangler:info] GET /rotax-turbocharger-notice 200 OK (4ms)
[wrangler:info] GET /assets/site.fb5243d5f72f.js 200 OK (3ms)
[wrangler:info] GET /assets/brand/header-icon.b0db5ea0b294.webp 200 OK (3ms)
[wrangler:info] GET /assets/brand/header-wordmark.414fb23bd2e3.webp 200 OK (4ms)
[wrangler:info] GET /rotax-turbocharger-notice 200 OK (4ms)
[wrangler:info] GET /assets/site.fb5243d5f72f.js 200 OK (5ms)
[wrangler:info] GET /assets/brand/header-icon.b0db5ea0b294.webp 200 OK (6ms)
[wrangler:info] GET /assets/brand/header-wordmark.414fb23bd2e3.webp 200 OK (6ms)
[wrangler:info] GET /start-with-the-symptom 200 OK (4ms)
[wrangler:info] GET /assets/site.fb5243d5f72f.js 200 OK (4ms)
[wrangler:info] GET /assets/brand/header-icon.b0db5ea0b294.webp 200 OK (4ms)
[wrangler:info] GET /assets/brand/header-wordmark.414fb23bd2e3.webp 200 OK (4ms)
[wrangler:info] GET /start-with-the-symptom 200 OK (5ms)
[wrangler:info] GET /assets/site.fb5243d5f72f.js 200 OK (4ms)
[wrangler:info] GET /assets/brand/header-icon.b0db5ea0b294.webp 200 OK (5ms)
[wrangler:info] GET /assets/brand/header-wordmark.414fb23bd2e3.webp 200 OK (5ms)
[wrangler:info] GET /start-with-the-symptom 200 OK (4ms)
[wrangler:info] GET /assets/site.fb5243d5f72f.js 200 OK (6ms)
[wrangler:info] GET /assets/brand/header-icon.b0db5ea0b294.webp 200 OK (6ms)
[wrangler:info] GET /assets/brand/header-wordmark.414fb23bd2e3.webp 200 OK (7ms)
[wrangler:info] GET /start-with-the-symptom 200 OK (4ms)
[wrangler:info] GET /assets/site.fb5243d5f72f.js 200 OK (5ms)
[wrangler:info] GET /assets/brand/header-icon.b0db5ea0b294.webp 200 OK (3ms)
[wrangler:info] GET /assets/brand/header-wordmark.414fb23bd2e3.webp 200 OK (4ms)
[wrangler:info] GET /start-with-the-symptom 200 OK (4ms)
[wrangler:info] GET /assets/site.fb5243d5f72f.js 200 OK (4ms)
[wrangler:info] GET /assets/brand/header-icon.b0db5ea0b294.webp 200 OK (6ms)
[wrangler:info] GET /assets/brand/header-wordmark.414fb23bd2e3.webp 200 OK (6ms)
[wrangler:info] GET /start-with-the-symptom 200 OK (3ms)
[wrangler:info] GET /assets/site.fb5243d5f72f.js 200 OK (5ms)
[wrangler:info] GET /assets/brand/header-icon.b0db5ea0b294.webp 200 OK (5ms)
[wrangler:info] GET /assets/brand/header-wordmark.414fb23bd2e3.webp 200 OK (3ms)
[wrangler:info] GET /start-with-the-symptom 200 OK (3ms)
[wrangler:info] GET /assets/site.fb5243d5f72f.js 200 OK (4ms)
[wrangler:info] GET /assets/brand/header-icon.b0db5ea0b294.webp 200 OK (4ms)
[wrangler:info] GET /assets/brand/header-wordmark.414fb23bd2e3.webp 200 OK (5ms)
[wrangler:info] GET /prebuy-first-inquiry 200 OK (4ms)
[wrangler:info] GET /assets/site.fb5243d5f72f.js 200 OK (4ms)
[wrangler:info] GET /assets/brand/header-icon.b0db5ea0b294.webp 200 OK (6ms)
[wrangler:info] GET /assets/brand/header-wordmark.414fb23bd2e3.webp 200 OK (6ms)
[wrangler:info] GET /prebuy-first-inquiry 200 OK (4ms)
[wrangler:info] GET /assets/site.fb5243d5f72f.js 200 OK (3ms)
[wrangler:info] GET /assets/brand/header-icon.b0db5ea0b294.webp 200 OK (4ms)
[wrangler:info] GET /assets/brand/header-wordmark.414fb23bd2e3.webp 200 OK (5ms)
[wrangler:info] GET /prebuy-first-inquiry 200 OK (8ms)
[wrangler:info] GET /assets/site.fb5243d5f72f.js 200 OK (3ms)
[wrangler:info] GET /assets/brand/header-icon.b0db5ea0b294.webp 200 OK (4ms)
[wrangler:info] GET /assets/brand/header-wordmark.414fb23bd2e3.webp 200 OK (4ms)
[wrangler:info] GET /prebuy-first-inquiry 200 OK (3ms)
[wrangler:info] GET /assets/site.fb5243d5f72f.js 200 OK (4ms)
[wrangler:info] GET /assets/brand/header-icon.b0db5ea0b294.webp 200 OK (6ms)
[wrangler:info] GET /assets/brand/header-wordmark.414fb23bd2e3.webp 200 OK (7ms)
[wrangler:info] GET /prebuy-first-inquiry 200 OK (3ms)
[wrangler:info] GET /assets/site.fb5243d5f72f.js 200 OK (4ms)
[wrangler:info] GET /assets/brand/header-icon.b0db5ea0b294.webp 200 OK (5ms)
[wrangler:info] GET /assets/brand/header-wordmark.414fb23bd2e3.webp 200 OK (6ms)
[wrangler:info] GET /prebuy-first-inquiry 200 OK (3ms)
[wrangler:info] GET /assets/site.fb5243d5f72f.js 200 OK (6ms)
[wrangler:info] GET /assets/brand/header-icon.b0db5ea0b294.webp 200 OK (5ms)
[wrangler:info] GET /assets/brand/header-wordmark.414fb23bd2e3.webp 200 OK (6ms)
[wrangler:info] GET /prebuy-first-inquiry 200 OK (3ms)
[wrangler:info] GET /assets/site.fb5243d5f72f.js 200 OK (5ms)
[wrangler:info] GET /assets/brand/header-icon.b0db5ea0b294.webp 200 OK (5ms)
[wrangler:info] GET /assets/brand/header-wordmark.414fb23bd2e3.webp 200 OK (5ms)
[wrangler:info] GET /planning-service-downtime 200 OK (4ms)
[wrangler:info] GET /assets/site.fb5243d5f72f.js 200 OK (5ms)
[wrangler:info] GET /assets/brand/header-icon.b0db5ea0b294.webp 200 OK (6ms)
[wrangler:info] GET /assets/brand/header-wordmark.414fb23bd2e3.webp 200 OK (7ms)
[wrangler:info] GET /planning-service-downtime 200 OK (3ms)
[wrangler:info] GET /assets/site.fb5243d5f72f.js 200 OK (4ms)
[wrangler:info] GET /assets/brand/header-icon.b0db5ea0b294.webp 200 OK (5ms)
[wrangler:info] GET /assets/brand/header-wordmark.414fb23bd2e3.webp 200 OK (6ms)
[wrangler:info] GET /planning-service-downtime 200 OK (4ms)
[wrangler:info] GET /assets/site.fb5243d5f72f.js 200 OK (4ms)
[wrangler:info] GET /assets/brand/header-icon.b0db5ea0b294.webp 200 OK (4ms)
[wrangler:info] GET /assets/brand/header-wordmark.414fb23bd2e3.webp 200 OK (4ms)
[wrangler:info] GET /planning-service-downtime 200 OK (4ms)
[wrangler:info] GET /assets/site.fb5243d5f72f.js 200 OK (4ms)
[wrangler:info] GET /assets/brand/header-icon.b0db5ea0b294.webp 200 OK (4ms)
[wrangler:info] GET /assets/brand/header-wordmark.414fb23bd2e3.webp 200 OK (4ms)
[wrangler:info] GET /planning-service-downtime 200 OK (4ms)
[wrangler:info] GET /assets/site.fb5243d5f72f.js 200 OK (9ms)
[wrangler:info] GET /assets/brand/header-icon.b0db5ea0b294.webp 200 OK (6ms)
[wrangler:info] GET /assets/brand/header-wordmark.414fb23bd2e3.webp 200 OK (4ms)
[wrangler:info] GET /planning-service-downtime 200 OK (4ms)
[wrangler:info] GET /assets/site.fb5243d5f72f.js 200 OK (6ms)
[wrangler:info] GET /assets/brand/header-icon.b0db5ea0b294.webp 200 OK (7ms)
[wrangler:info] GET /assets/brand/header-wordmark.414fb23bd2e3.webp 200 OK (7ms)
[wrangler:info] GET /planning-service-downtime 200 OK (4ms)
[wrangler:info] GET /assets/site.fb5243d5f72f.js 200 OK (4ms)
[wrangler:info] GET /assets/brand/header-icon.b0db5ea0b294.webp 200 OK (5ms)
[wrangler:info] GET /assets/brand/header-wordmark.414fb23bd2e3.webp 200 OK (6ms)
[wrangler:info] GET /updates 200 OK (3ms)
[wrangler:info] GET /assets/site.fb5243d5f72f.js 200 OK (4ms)
[wrangler:info] GET /assets/brand/header-icon.b0db5ea0b294.webp 200 OK (4ms)
[wrangler:info] GET /assets/brand/header-wordmark.414fb23bd2e3.webp 200 OK (5ms)
[wrangler:info] GET /updates 200 OK (3ms)
[wrangler:info] GET /assets/site.fb5243d5f72f.js 200 OK (4ms)
[wrangler:info] GET /assets/brand/header-icon.b0db5ea0b294.webp 200 OK (4ms)
[wrangler:info] GET /assets/brand/header-wordmark.414fb23bd2e3.webp 200 OK (4ms)
[wrangler:info] GET /updates 200 OK (4ms)
[wrangler:info] GET /assets/site.fb5243d5f72f.js 200 OK (9ms)
[wrangler:info] GET /assets/brand/header-icon.b0db5ea0b294.webp 200 OK (8ms)
[wrangler:info] GET /assets/brand/header-wordmark.414fb23bd2e3.webp 200 OK (9ms)
[wrangler:info] GET /updates 200 OK (4ms)
[wrangler:info] GET /assets/site.fb5243d5f72f.js 200 OK (5ms)
[wrangler:info] GET /assets/brand/header-icon.b0db5ea0b294.webp 200 OK (5ms)
[wrangler:info] GET /assets/brand/header-wordmark.414fb23bd2e3.webp 200 OK (4ms)
[wrangler:info] GET /updates 200 OK (3ms)
[wrangler:info] GET /assets/site.fb5243d5f72f.js 200 OK (6ms)
[wrangler:info] GET /assets/brand/header-icon.b0db5ea0b294.webp 200 OK (8ms)
[wrangler:info] GET /assets/brand/header-wordmark.414fb23bd2e3.webp 200 OK (8ms)
[wrangler:info] GET /updates 200 OK (6ms)
[wrangler:info] GET /assets/site.fb5243d5f72f.js 200 OK (8ms)
[wrangler:info] GET /assets/brand/header-icon.b0db5ea0b294.webp 200 OK (7ms)
[wrangler:info] GET /assets/brand/header-wordmark.414fb23bd2e3.webp 200 OK (7ms)
[wrangler:info] GET /updates 200 OK (4ms)
[wrangler:info] GET /assets/site.fb5243d5f72f.js 200 OK (5ms)
[wrangler:info] GET /assets/brand/header-icon.b0db5ea0b294.webp 200 OK (6ms)
[wrangler:info] GET /assets/brand/header-wordmark.414fb23bd2e3.webp 200 OK (6ms)
[wrangler:info] GET /owner-notices 200 OK (4ms)
[wrangler:info] GET /assets/site.fb5243d5f72f.js 200 OK (4ms)
[wrangler:info] GET /assets/brand/header-icon.b0db5ea0b294.webp 200 OK (5ms)
[wrangler:info] GET /assets/brand/header-wordmark.414fb23bd2e3.webp 200 OK (5ms)
[wrangler:info] GET /owner-notices 200 OK (6ms)
[wrangler:info] GET /assets/site.fb5243d5f72f.js 200 OK (4ms)
[wrangler:info] GET /assets/brand/header-icon.b0db5ea0b294.webp 200 OK (3ms)
[wrangler:info] GET /assets/brand/header-wordmark.414fb23bd2e3.webp 200 OK (4ms)
[wrangler:info] GET /owner-notices 200 OK (4ms)
[wrangler:info] GET /assets/site.fb5243d5f72f.js 200 OK (4ms)
[wrangler:info] GET /assets/brand/header-icon.b0db5ea0b294.webp 200 OK (5ms)
[wrangler:info] GET /assets/brand/header-wordmark.414fb23bd2e3.webp 200 OK (5ms)
[wrangler:info] GET /owner-notices 200 OK (4ms)
[wrangler:info] GET /assets/site.fb5243d5f72f.js 200 OK (3ms)
[wrangler:info] GET /assets/brand/header-icon.b0db5ea0b294.webp 200 OK (4ms)
[wrangler:info] GET /assets/brand/header-wordmark.414fb23bd2e3.webp 200 OK (4ms)
[wrangler:info] GET /owner-notices 200 OK (6ms)
[wrangler:info] GET /assets/site.fb5243d5f72f.js 200 OK (4ms)
[wrangler:info] GET /assets/brand/header-icon.b0db5ea0b294.webp 200 OK (4ms)
[wrangler:info] GET /assets/brand/header-wordmark.414fb23bd2e3.webp 200 OK (5ms)
[wrangler:info] GET /owner-notices 200 OK (4ms)
[wrangler:info] GET /assets/site.fb5243d5f72f.js 200 OK (4ms)
[wrangler:info] GET /assets/brand/header-icon.b0db5ea0b294.webp 200 OK (6ms)
[wrangler:info] GET /assets/brand/header-wordmark.414fb23bd2e3.webp 200 OK (9ms)
[wrangler:info] GET /owner-notices 200 OK (3ms)
[wrangler:info] GET /assets/site.fb5243d5f72f.js 200 OK (4ms)
[wrangler:info] GET /assets/brand/header-icon.b0db5ea0b294.webp 200 OK (4ms)
[wrangler:info] GET /assets/brand/header-wordmark.414fb23bd2e3.webp 200 OK (4ms)
[wrangler:info] GET /support-request 200 OK (5ms)
[wrangler:info] GET /assets/site.fb5243d5f72f.js 200 OK (4ms)
[wrangler:info] GET /assets/brand/header-icon.b0db5ea0b294.webp 200 OK (4ms)
[wrangler:info] GET /assets/brand/header-wordmark.414fb23bd2e3.webp 200 OK (4ms)
[wrangler:info] GET /support-request 200 OK (4ms)
[wrangler:info] GET /assets/site.fb5243d5f72f.js 200 OK (4ms)
[wrangler:info] GET /assets/brand/header-icon.b0db5ea0b294.webp 200 OK (5ms)
[wrangler:info] GET /assets/brand/header-wordmark.414fb23bd2e3.webp 200 OK (5ms)
[wrangler:info] GET / 200 OK (4ms)
[wrangler:info] GET /assets/site.fb5243d5f72f.js 200 OK (8ms)
[wrangler:info] GET /assets/brand/header-icon.b0db5ea0b294.webp 200 OK (8ms)
[wrangler:info] GET /assets/brand/header-wordmark.414fb23bd2e3.webp 200 OK (10ms)
[wrangler:info] GET /assets/images/rotax-engine-installed-green-covers-800.d2d00550f6bc.webp 200 OK (9ms)
[wrangler:info] GET /assets/images/proof/dynavibe-bad-1-27-ips-800.368614257668.webp 200 OK (5ms)
[wrangler:info] GET /assets/images/proof/engine-cage-crack-closeup-before-repair-800.9603c885e2bd.webp 200 OK (7ms)
[wrangler:info] GET /assets/images/proof/fuel-tank-borescope-dirty-800.6a9ab18d0e87.webp 200 OK (8ms)
[wrangler:info] GET /assets/images/proof/dsub-connector-wiring-close-800.d03d2d8fa06b.webp 200 OK (8ms)
[wrangler:info] GET /support-request 200 OK (6ms)
[wrangler:info] GET /assets/site.fb5243d5f72f.js 200 OK (4ms)
[wrangler:info] GET /assets/brand/header-icon.b0db5ea0b294.webp 200 OK (5ms)
[wrangler:info] GET /assets/brand/header-wordmark.414fb23bd2e3.webp 200 OK (5ms)
[wrangler:info] GET /card 200 OK (4ms)
[wrangler:info] GET /assets/site.fb5243d5f72f.js 200 OK (7ms)
[wrangler:info] GET /assets/brand/header-icon.b0db5ea0b294.webp 200 OK (7ms)
[wrangler:info] GET /assets/brand/header-wordmark.414fb23bd2e3.webp 200 OK (7ms)
[wrangler:info] GET /support-request 200 OK (4ms)
[wrangler:info] GET /assets/site.fb5243d5f72f.js 200 OK (9ms)
[wrangler:info] GET /assets/brand/header-icon.b0db5ea0b294.webp 200 OK (8ms)
[wrangler:info] GET /assets/brand/header-wordmark.414fb23bd2e3.webp 200 OK (8ms)
[wrangler:info] GET / 200 OK (4ms)
[wrangler:info] GET /assets/site.fb5243d5f72f.js 200 OK (4ms)
[wrangler:info] GET /assets/brand/header-icon.b0db5ea0b294.webp 200 OK (5ms)
[wrangler:info] GET /assets/brand/header-wordmark.414fb23bd2e3.webp 200 OK (6ms)
[wrangler:info] GET /assets/images/rotax-engine-installed-green-covers-800-responsive-400.672b68233439.webp 200 OK (8ms)
[wrangler:info] GET /assets/images/proof/dynavibe-bad-1-27-ips-800-responsive-400.7eccbeeab39f.webp 200 OK (3ms)
[wrangler:info] GET /assets/images/proof/engine-cage-crack-closeup-before-repair-800-responsive-400.a935e0a9d8e2.webp 200 OK (6ms)
[wrangler:info] GET /assets/images/proof/fuel-tank-borescope-dirty-800-responsive-400.a6319e99b7bb.webp 200 OK (5ms)
[wrangler:info] GET /faq 200 OK (4ms)
[wrangler:info] GET /assets/site.fb5243d5f72f.js 200 OK (4ms)
[wrangler:info] GET /assets/brand/header-icon.b0db5ea0b294.webp 200 OK (4ms)
[wrangler:info] GET /assets/brand/header-wordmark.414fb23bd2e3.webp 200 OK (5ms)
[wrangler:info] GET / 200 OK (6ms)
[wrangler:info] GET /assets/site.fb5243d5f72f.js 200 OK (5ms)
[wrangler:info] GET /assets/brand/header-icon.b0db5ea0b294.webp 200 OK (7ms)
[wrangler:info] GET /assets/brand/header-wordmark.414fb23bd2e3.webp 200 OK (7ms)
[wrangler:info] GET /assets/images/rotax-engine-installed-green-covers-800-responsive-400.672b68233439.webp 200 OK (7ms)
[wrangler:info] GET /assets/images/proof/dynavibe-bad-1-27-ips-800-responsive-400.7eccbeeab39f.webp 200 OK (4ms)
[wrangler:info] GET /assets/images/proof/engine-cage-crack-closeup-before-repair-800-responsive-400.a935e0a9d8e2.webp 200 OK (4ms)
[wrangler:info] GET /assets/images/proof/fuel-tank-borescope-dirty-800-responsive-400.a6319e99b7bb.webp 200 OK (5ms)
[wrangler:info] GET /assets/images/proof/dsub-connector-wiring-close-800-responsive-400.535b91ccecfc.webp 200 OK (3ms)
[wrangler:info] GET /assets/images/proof/aircraft-open-cowling-under-canopy-800-responsive-400.7c41497e88ac.webp 200 OK (7ms)
[wrangler:info] GET / 200 OK (6ms)
[wrangler:info] GET /assets/images/rotax-engine-installed-green-covers-800.d2d00550f6bc.webp 200 OK (10ms)
[wrangler:info] GET /assets/images/proof/dynavibe-bad-1-27-ips-800.368614257668.webp 200 OK (9ms)
[wrangler:info] GET /assets/images/proof/engine-cage-crack-closeup-before-repair-800.9603c885e2bd.webp 200 OK (10ms)
[wrangler:info] GET /assets/images/proof/fuel-tank-borescope-dirty-800.6a9ab18d0e87.webp 200 OK (10ms)
[wrangler:info] GET /assets/images/proof/dsub-connector-wiring-close-800.d03d2d8fa06b.webp 200 OK (12ms)
[31m✘ [41;31m[[41;97mERROR[41;31m][0m [1mkj::getCaughtExceptionAsKj() = rust/cxx/kj-rs-io/ffi.rs:164: disconnected: write(): Connection reset by peer (os error 104)[0m

  stack: /workspace/scratch/8f5130b2b757/rc2/node_modules/@cloudflare/workerd-linux-64/bin/workerd@57d56c3 /workspace/scratch/8f5130b2b757/rc2/node_modules/@cloudflare/workerd-linux-64/bin/workerd@57d92b7 /workspace/scratch/8f5130b2b757/rc2/node_modules/@cloudflare/workerd-linux-64/bin/workerd@57d9604 /workspace/scratch/8f5130b2b757/rc2/node_modules/@cloudflare/workerd-linux-64/bin/workerd@31412b0 /workspace/scratch/8f5130b2b757/rc2/node_modules/@cloudflare/workerd-linux-64/bin/workerd@22931f7


[wrangler:info] GET /assets/images/proof/aircraft-open-cowling-under-canopy-800.76f942ad3352.webp 200 OK (9ms)
[wrangler:info] GET /assets/site.fb5243d5f72f.js 200 OK (7ms)
[wrangler:info] GET /assets/brand/header-icon.b0db5ea0b294.webp 200 OK (6ms)
[wrangler:info] GET /assets/brand/header-wordmark.414fb23bd2e3.webp 200 OK (7ms)
[wrangler:info] GET /assets/images/rotax-engine-installed-green-covers-800.d2d00550f6bc.webp 200 OK (7ms)
[wrangler:info] GET /assets/images/proof/dynavibe-bad-1-27-ips-800.368614257668.webp 200 OK (4ms)
[wrangler:info] GET /assets/images/proof/engine-cage-crack-closeup-before-repair-800.9603c885e2bd.webp 200 OK (13ms)
[wrangler:info] GET /assets/images/proof/fuel-tank-borescope-dirty-800.6a9ab18d0e87.webp 200 OK (14ms)
[wrangler:info] GET /assets/images/proof/dsub-connector-wiring-close-800.d03d2d8fa06b.webp 200 OK (14ms)
[wrangler:info] GET /assets/images/proof/aircraft-open-cowling-under-canopy-800.76f942ad3352.webp 200 OK (4ms)
[wrangler:info] GET /support-request 200 OK (4ms)
[wrangler:info] GET /assets/site.fb5243d5f72f.js 200 OK (3ms)
[wrangler:info] GET /assets/brand/header-icon.b0db5ea0b294.webp 200 OK (3ms)
[wrangler:info] GET /assets/brand/header-wordmark.414fb23bd2e3.webp 200 OK (4ms)
[wrangler:info] GET /support-request 200 OK (4ms)
[wrangler:info] GET /assets/site.fb5243d5f72f.js 200 OK (5ms)
[wrangler:info] GET /assets/brand/header-icon.b0db5ea0b294.webp 200 OK (7ms)
[wrangler:info] GET /assets/brand/header-wordmark.414fb23bd2e3.webp 200 OK (7ms)
[wrangler:info] GET /e-props-dealer-support 200 OK (4ms)
[wrangler:info] GET /assets/site.fb5243d5f72f.js 200 OK (6ms)
[wrangler:info] GET /assets/brand/header-icon.b0db5ea0b294.webp 200 OK (5ms)
[wrangler:info] GET /assets/brand/header-wordmark.414fb23bd2e3.webp 200 OK (5ms)
[wrangler:info] GET /assets/images/proof/eprops-engineering-packet-fanout-1200-clean-responsive-400.7504bb6cef93.webp 200 OK (7ms)
[wrangler:info] GET /assets/images/proof/eprops-install-checklist-preview-1200-responsive-400.503e8e1190d1.webp 200 OK (7ms)
[wrangler:info] GET /assets/images/proof/eprops-aircraft-closeup-sky-ranger-1200-responsive-400.7785df50cbf7.webp 200 OK (9ms)
[wrangler:info] GET /assets/images/proof/eprops-blade-damage-closeup-800-responsive-400.0009fb9a57f4.webp 200 OK (9ms)
[wrangler:info] GET /assets/images/proof/eprops-engineering-packet-fanout-1200-clean.a276129cd427.webp 200 OK (8ms)
[wrangler:info] GET /assets/images/proof/eprops-install-checklist-preview-1200.ed787e002be1.webp 200 OK (8ms)
[wrangler:info] GET /assets/images/proof/eprops-aircraft-closeup-sky-ranger-1200.e528244af6fb.webp 200 OK (9ms)
[wrangler:info] GET /assets/images/proof/eprops-blade-damage-closeup-800.4e782a9a1125.webp 200 OK (12ms)
[wrangler:info] GET /e-props-dealer-support 200 OK (13ms)
[wrangler:info] GET /assets/site.fb5243d5f72f.js 200 OK (7ms)
[wrangler:info] GET /assets/brand/header-icon.b0db5ea0b294.webp 200 OK (5ms)
[wrangler:info] GET /assets/brand/header-wordmark.414fb23bd2e3.webp 200 OK (4ms)
[wrangler:info] GET /assets/images/proof/eprops-engineering-packet-fanout-1200-clean.a276129cd427.webp 200 OK (5ms)
[wrangler:info] GET /assets/images/proof/eprops-install-checklist-preview-1200.ed787e002be1.webp 200 OK (5ms)
[wrangler:info] GET /assets/images/proof/eprops-aircraft-closeup-sky-ranger-1200.e528244af6fb.webp 200 OK (7ms)
[wrangler:info] GET /assets/images/proof/eprops-blade-damage-closeup-800.4e782a9a1125.webp 200 OK (4ms)
[wrangler:info] GET / 200 OK (4ms)
[wrangler:info] GET /assets/site.fb5243d5f72f.js 200 OK (6ms)
[wrangler:info] GET /assets/brand/header-icon.b0db5ea0b294.webp 200 OK (10ms)
[wrangler:info] GET /assets/brand/header-wordmark.414fb23bd2e3.webp 200 OK (10ms)
[wrangler:info] GET /assets/images/rotax-engine-installed-green-covers-800.d2d00550f6bc.webp 200 OK (10ms)
[wrangler:info] GET /assets/images/proof/dynavibe-bad-1-27-ips-800.368614257668.webp 200 OK (3ms)
[wrangler:info] GET /assets/images/proof/engine-cage-crack-closeup-before-repair-800.9603c885e2bd.webp 200 OK (4ms)
[wrangler:info] GET /assets/images/proof/fuel-tank-borescope-dirty-800.6a9ab18d0e87.webp 200 OK (3ms)
[wrangler:info] GET /assets/images/proof/dsub-connector-wiring-close-800.d03d2d8fa06b.webp 200 OK (3ms)
[wrangler:info] GET /support-request 200 OK (4ms)
[wrangler:info] GET /assets/site.fb5243d5f72f.js 200 OK (4ms)
[wrangler:info] GET /assets/brand/header-icon.b0db5ea0b294.webp 200 OK (5ms)
[wrangler:info] GET /assets/brand/header-wordmark.414fb23bd2e3.webp 200 OK (6ms)
[wrangler:info] GET /support-request 200 OK (3ms)
[wrangler:info] GET /assets/site.fb5243d5f72f.js 200 OK (6ms)
[wrangler:info] GET /assets/brand/header-icon.b0db5ea0b294.webp 200 OK (6ms)
[wrangler:info] GET /assets/brand/header-wordmark.414fb23bd2e3.webp 200 OK (10ms)
[wrangler:info] GET /support-request 200 OK (4ms)
[wrangler:info] GET /assets/site.fb5243d5f72f.js 200 OK (4ms)
[wrangler:info] GET /assets/brand/header-icon.b0db5ea0b294.webp 200 OK (6ms)
[wrangler:info] GET /assets/brand/header-wordmark.414fb23bd2e3.webp 200 OK (8ms)
[wrangler:info] GET /support-request 200 OK (3ms)
[wrangler:info] GET /assets/site.fb5243d5f72f.js 200 OK (5ms)
[wrangler:info] GET /assets/brand/header-icon.b0db5ea0b294.webp 200 OK (6ms)
[wrangler:info] GET /assets/brand/header-wordmark.414fb23bd2e3.webp 200 OK (7ms)
[wrangler:info] GET /support-request 200 OK (4ms)
[wrangler:info] GET /assets/site.fb5243d5f72f.js 200 OK (6ms)
[wrangler:info] GET /assets/brand/header-icon.b0db5ea0b294.webp 200 OK (7ms)
[wrangler:info] GET /assets/brand/header-wordmark.414fb23bd2e3.webp 200 OK (7ms)
[wrangler:info] GET /support-request 200 OK (4ms)
[wrangler:info] GET /assets/site.fb5243d5f72f.js 200 OK (4ms)
[wrangler:info] GET /assets/brand/header-icon.b0db5ea0b294.webp 200 OK (5ms)
[wrangler:info] GET /assets/brand/header-wordmark.414fb23bd2e3.webp 200 OK (6ms)
[wrangler:info] GET /support-request 200 OK (6ms)
[wrangler:info] GET /assets/site.fb5243d5f72f.js 200 OK (5ms)
[wrangler:info] GET /assets/brand/header-icon.b0db5ea0b294.webp 200 OK (4ms)
[wrangler:info] GET /assets/brand/header-wordmark.414fb23bd2e3.webp 200 OK (4ms)
[wrangler:info] GET /support-request 200 OK (3ms)
[wrangler:info] GET /assets/site.fb5243d5f72f.js 200 OK (4ms)
[wrangler:info] GET /assets/brand/header-icon.b0db5ea0b294.webp 200 OK (4ms)
[wrangler:info] GET /assets/brand/header-wordmark.414fb23bd2e3.webp 200 OK (5ms)
[wrangler:info] GET /support-request 200 OK (5ms)
[wrangler:info] GET /assets/site.fb5243d5f72f.js 200 OK (5ms)
[wrangler:info] GET /assets/brand/header-icon.b0db5ea0b294.webp 200 OK (5ms)
[wrangler:info] GET /assets/brand/header-wordmark.414fb23bd2e3.webp 200 OK (6ms)
[wrangler:info] GET /support-request 200 OK (4ms)
[wrangler:info] GET /assets/site.fb5243d5f72f.js 200 OK (3ms)
[wrangler:info] GET /assets/brand/header-icon.b0db5ea0b294.webp 200 OK (3ms)
[wrangler:info] GET /assets/brand/header-wordmark.414fb23bd2e3.webp 200 OK (4ms)
[wrangler:info] GET /support-request 200 OK (4ms)
[wrangler:info] GET /assets/site.fb5243d5f72f.js 200 OK (7ms)
[wrangler:info] GET /assets/brand/header-icon.b0db5ea0b294.webp 200 OK (9ms)
[wrangler:info] GET /assets/brand/header-wordmark.414fb23bd2e3.webp 200 OK (12ms)
[wrangler:info] GET /support-request 200 OK (4ms)
[wrangler:info] GET /assets/site.fb5243d5f72f.js 200 OK (5ms)
[wrangler:info] GET /assets/brand/header-icon.b0db5ea0b294.webp 200 OK (6ms)
[wrangler:info] GET /assets/brand/header-wordmark.414fb23bd2e3.webp 200 OK (6ms)
[wrangler:info] GET /support-request 200 OK (4ms)
[wrangler:info] GET /assets/site.fb5243d5f72f.js 200 OK (7ms)
[wrangler:info] GET /assets/brand/header-icon.b0db5ea0b294.webp 200 OK (8ms)
[wrangler:info] GET /assets/brand/header-wordmark.414fb23bd2e3.webp 200 OK (9ms)
[wrangler:info] GET /support-request 200 OK (4ms)
[wrangler:info] GET /assets/site.fb5243d5f72f.js 200 OK (4ms)
[wrangler:info] GET /assets/brand/header-icon.b0db5ea0b294.webp 200 OK (4ms)
[wrangler:info] GET /assets/brand/header-wordmark.414fb23bd2e3.webp 200 OK (4ms)
[wrangler:info] GET /support-request 200 OK (4ms)
[wrangler:info] GET /assets/site.fb5243d5f72f.js 200 OK (6ms)
[wrangler:info] GET /assets/brand/header-icon.b0db5ea0b294.webp 200 OK (7ms)
[wrangler:info] GET /assets/brand/header-wordmark.414fb23bd2e3.webp 200 OK (6ms)
[wrangler:info] GET /support-request 200 OK (4ms)
[wrangler:info] GET /assets/site.fb5243d5f72f.js 200 OK (5ms)
[wrangler:info] GET /assets/brand/header-icon.b0db5ea0b294.webp 200 OK (5ms)
[wrangler:info] GET /assets/brand/header-wordmark.414fb23bd2e3.webp 200 OK (7ms)
[wrangler:info] GET /support-request 200 OK (3ms)
[wrangler:info] GET /assets/site.fb5243d5f72f.js 200 OK (4ms)
[wrangler:info] GET /assets/brand/header-icon.b0db5ea0b294.webp 200 OK (6ms)
[wrangler:info] GET /assets/brand/header-wordmark.414fb23bd2e3.webp 200 OK (7ms)
[wrangler:info] GET /support-request 200 OK (6ms)
[wrangler:info] GET /assets/site.fb5243d5f72f.js 200 OK (4ms)
[wrangler:info] GET /assets/brand/header-wordmark.414fb23bd2e3.webp 200 OK (4ms)
[wrangler:info] GET /assets/brand/header-icon.b0db5ea0b294.webp 200 OK (5ms)
[wrangler:info] GET /thank-you 200 OK (7ms)
[wrangler:info] GET /assets/site.fb5243d5f72f.js 200 OK (10ms)
[wrangler:info] GET /assets/brand/header-icon.b0db5ea0b294.webp 200 OK (7ms)
[wrangler:info] GET /assets/brand/header-wordmark.414fb23bd2e3.webp 200 OK (8ms)
[wrangler:info] GET / 200 OK (4ms)
[wrangler:info] GET /assets/brand/header-icon.b0db5ea0b294.webp 200 OK (3ms)
[wrangler:info] GET /assets/images/rotax-engine-installed-green-covers-800.d2d00550f6bc.webp 200 OK (9ms)
[wrangler:info] GET /assets/brand/header-wordmark.414fb23bd2e3.webp 200 OK (9ms)
[wrangler:info] GET /assets/images/proof/dynavibe-bad-1-27-ips-800.368614257668.webp 200 OK (7ms)
[wrangler:info] GET /assets/images/proof/engine-cage-crack-closeup-before-repair-800.9603c885e2bd.webp 200 OK (8ms)
[wrangler:info] GET /assets/images/proof/fuel-tank-borescope-dirty-800.6a9ab18d0e87.webp 200 OK (8ms)
[wrangler:info] GET /assets/images/proof/dsub-connector-wiring-close-800.d03d2d8fa06b.webp 200 OK (9ms)
[wrangler:info] GET /assets/images/proof/aircraft-open-cowling-under-canopy-800.76f942ad3352.webp 200 OK (6ms)
[wrangler:info] GET /support-request 200 OK (6ms)
[wrangler:info] GET /card 200 OK (4ms)
[wrangler:info] GET /light-sport-prebuy-evaluation 200 OK (4ms)
[wrangler:info] GET /assets/site.fb5243d5f72f.js 200 OK (4ms)
[wrangler:info] GET /assets/brand/header-icon.b0db5ea0b294.webp 200 OK (4ms)
[wrangler:info] GET /assets/brand/header-wordmark.414fb23bd2e3.webp 200 OK (4ms)
[wrangler:info] GET /apple-touch-icon.png 200 OK (4ms)
[wrangler:info] GET /assets/images/proof/aircraft-open-cowling-under-canopy-800-responsive-400.7c41497e88ac.webp 200 OK (6ms)
[wrangler:info] GET /assets/images/proof/lca-logbook-work-sticker-proof-800-responsive-400.a263ba78cf33.webp 200 OK (5ms)
[wrangler:info] GET /light-sport-prebuy-evaluation 200 OK (4ms)
[wrangler:info] GET /assets/site.fb5243d5f72f.js 200 OK (10ms)
[wrangler:info] GET /assets/brand/header-icon.b0db5ea0b294.webp 200 OK (7ms)
[wrangler:info] GET /assets/brand/header-wordmark.414fb23bd2e3.webp 200 OK (7ms)
[wrangler:info] GET /apple-touch-icon.png 200 OK (3ms)
[wrangler:info] GET /assets/images/proof/aircraft-open-cowling-under-canopy-800-responsive-400.7c41497e88ac.webp 200 OK (4ms)
[wrangler:info] GET /assets/images/proof/lca-logbook-work-sticker-proof-800-responsive-400.a263ba78cf33.webp 200 OK (3ms)
[wrangler:info] GET /light-sport-prebuy-evaluation 200 OK (4ms)
[wrangler:info] GET /assets/site.fb5243d5f72f.js 200 OK (4ms)
[wrangler:info] GET /assets/brand/header-icon.b0db5ea0b294.webp 200 OK (7ms)
[wrangler:info] GET /assets/brand/header-wordmark.414fb23bd2e3.webp 200 OK (8ms)
[wrangler:info] GET /apple-touch-icon.png 200 OK (3ms)
[wrangler:info] GET /assets/images/proof/aircraft-open-cowling-under-canopy-800-responsive-400.7c41497e88ac.webp 200 OK (4ms)
[wrangler:info] GET /assets/images/proof/lca-logbook-work-sticker-proof-800-responsive-400.a263ba78cf33.webp 200 OK (3ms)
[wrangler:info] GET /assets/images/proof/lca-logbook-work-sticker-proof-800.223667ddc620.webp 200 OK (4ms)
[wrangler:info] GET /assets/images/proof/aircraft-open-cowling-under-canopy-800.76f942ad3352.webp 200 OK (5ms)
[wrangler:info] GET /light-sport-prebuy-evaluation 200 OK (3ms)
[wrangler:info] GET /assets/site.fb5243d5f72f.js 200 OK (5ms)
[wrangler:info] GET /assets/brand/header-icon.b0db5ea0b294.webp 200 OK (6ms)
[wrangler:info] GET /assets/brand/header-wordmark.414fb23bd2e3.webp 200 OK (6ms)
[wrangler:info] GET /apple-touch-icon.png 200 OK (3ms)
[wrangler:info] GET /assets/images/proof/aircraft-open-cowling-under-canopy-800.76f942ad3352.webp 200 OK (4ms)
[wrangler:info] GET /assets/images/proof/lca-logbook-work-sticker-proof-800.223667ddc620.webp 200 OK (3ms)
[wrangler:info] GET /light-sport-prebuy-evaluation 200 OK (4ms)
[wrangler:info] GET /assets/site.fb5243d5f72f.js 200 OK (4ms)
[wrangler:info] GET /assets/brand/header-icon.b0db5ea0b294.webp 200 OK (5ms)
[wrangler:info] GET /assets/brand/header-wordmark.414fb23bd2e3.webp 200 OK (5ms)
[wrangler:info] GET /assets/images/proof/aircraft-open-cowling-under-canopy-800.76f942ad3352.webp 200 OK (7ms)
[wrangler:info] GET /assets/images/proof/lca-logbook-work-sticker-proof-800.223667ddc620.webp 200 OK (7ms)
[wrangler:info] GET /apple-touch-icon.png 200 OK (3ms)
[wrangler:info] GET /light-sport-prebuy-evaluation 200 OK (4ms)
[wrangler:info] GET /assets/site.fb5243d5f72f.js 200 OK (6ms)
[wrangler:info] GET /assets/brand/header-icon.b0db5ea0b294.webp 200 OK (5ms)
[wrangler:info] GET /assets/brand/header-wordmark.414fb23bd2e3.webp 200 OK (6ms)
[wrangler:info] GET /apple-touch-icon.png 200 OK (10ms)
[wrangler:info] GET /assets/images/proof/aircraft-open-cowling-under-canopy-800.76f942ad3352.webp 200 OK (4ms)
[wrangler:info] GET /assets/images/proof/lca-logbook-work-sticker-proof-800.223667ddc620.webp 200 OK (5ms)
[wrangler:info] GET /assets/images/proof/lca-logbook-work-sticker-proof-800-responsive-400.a263ba78cf33.webp 200 OK (5ms)
[wrangler:info] GET /assets/images/proof/aircraft-open-cowling-under-canopy-800-responsive-400.7c41497e88ac.webp 200 OK (4ms)
[wrangler:info] GET /support-request 200 OK (3ms)
[wrangler:info] GET /assets/site.fb5243d5f72f.js 200 OK (6ms)
[wrangler:info] GET /assets/brand/header-icon.b0db5ea0b294.webp 200 OK (6ms)
[wrangler:info] GET /assets/brand/header-wordmark.414fb23bd2e3.webp 200 OK (6ms)
[wrangler:info] GET /apple-touch-icon.png 200 OK (3ms)
[wrangler:info] GET /support-request 200 OK (3ms)
[wrangler:info] GET /assets/site.fb5243d5f72f.js 200 OK (3ms)
[wrangler:info] GET /assets/brand/header-icon.b0db5ea0b294.webp 200 OK (4ms)
[wrangler:info] GET /assets/brand/header-wordmark.414fb23bd2e3.webp 200 OK (5ms)
[wrangler:info] GET /apple-touch-icon.png 200 OK (3ms)
[wrangler:info] GET /support-request 200 OK (3ms)
[wrangler:info] GET /assets/site.fb5243d5f72f.js 200 OK (3ms)
[wrangler:info] GET /assets/brand/header-icon.b0db5ea0b294.webp 200 OK (3ms)
[wrangler:info] GET /assets/brand/header-wordmark.414fb23bd2e3.webp 200 OK (6ms)
[wrangler:info] GET /apple-touch-icon.png 200 OK (3ms)
[wrangler:info] GET /support-request 200 OK (4ms)
[wrangler:info] GET /assets/site.fb5243d5f72f.js 200 OK (4ms)
[wrangler:info] GET /assets/brand/header-icon.b0db5ea0b294.webp 200 OK (4ms)
[wrangler:info] GET /assets/brand/header-wordmark.414fb23bd2e3.webp 200 OK (4ms)
[wrangler:info] GET /apple-touch-icon.png 200 OK (3ms)
[wrangler:info] GET /support-request 200 OK (3ms)
[wrangler:info] GET /assets/site.fb5243d5f72f.js 200 OK (5ms)
[wrangler:info] GET /assets/brand/header-icon.b0db5ea0b294.webp 200 OK (4ms)
[wrangler:info] GET /assets/brand/header-wordmark.414fb23bd2e3.webp 200 OK (3ms)
[wrangler:info] GET /apple-touch-icon.png 200 OK (3ms)
[wrangler:info] GET /support-request 200 OK (3ms)
[wrangler:info] GET /assets/site.fb5243d5f72f.js 200 OK (4ms)
[wrangler:info] GET /assets/brand/header-icon.b0db5ea0b294.webp 200 OK (5ms)
[wrangler:info] GET /assets/brand/header-wordmark.414fb23bd2e3.webp 200 OK (4ms)
[wrangler:info] GET /apple-touch-icon.png 200 OK (3ms)
[wrangler:info] GET /faq 200 OK (4ms)
[wrangler:info] GET /assets/site.fb5243d5f72f.js 200 OK (4ms)
[wrangler:info] GET /assets/brand/header-icon.b0db5ea0b294.webp 200 OK (5ms)
[wrangler:info] GET /assets/brand/header-wordmark.414fb23bd2e3.webp 200 OK (6ms)
[wrangler:info] GET /apple-touch-icon.png 200 OK (3ms)
[wrangler:info] GET /faq 200 OK (4ms)
[wrangler:info] GET /assets/site.fb5243d5f72f.js 200 OK (3ms)
[wrangler:info] GET /assets/brand/header-icon.b0db5ea0b294.webp 200 OK (3ms)
[wrangler:info] GET /assets/brand/header-wordmark.414fb23bd2e3.webp 200 OK (3ms)
[wrangler:info] GET /apple-touch-icon.png 200 OK (2ms)
[wrangler:info] GET /faq 200 OK (4ms)
[wrangler:info] GET /assets/site.fb5243d5f72f.js 200 OK (3ms)
[wrangler:info] GET /assets/brand/header-icon.b0db5ea0b294.webp 200 OK (3ms)
[wrangler:info] GET /assets/brand/header-wordmark.414fb23bd2e3.webp 200 OK (3ms)
[wrangler:info] GET /apple-touch-icon.png 200 OK (3ms)
[wrangler:info] GET /faq 200 OK (4ms)
[wrangler:info] GET /assets/site.fb5243d5f72f.js 200 OK (3ms)
[wrangler:info] GET /assets/brand/header-icon.b0db5ea0b294.webp 200 OK (3ms)
[wrangler:info] GET /assets/brand/header-wordmark.414fb23bd2e3.webp 200 OK (3ms)
[wrangler:info] GET /apple-touch-icon.png 200 OK (3ms)
[wrangler:info] GET /faq 200 OK (4ms)
[wrangler:info] GET /assets/site.fb5243d5f72f.js 200 OK (6ms)
[wrangler:info] GET /assets/brand/header-icon.b0db5ea0b294.webp 200 OK (6ms)
[wrangler:info] GET /assets/brand/header-wordmark.414fb23bd2e3.webp 200 OK (6ms)
[wrangler:info] GET /apple-touch-icon.png 200 OK (3ms)
[wrangler:info] GET /faq 200 OK (4ms)
[wrangler:info] GET /assets/site.fb5243d5f72f.js 200 OK (6ms)
[wrangler:info] GET /assets/brand/header-icon.b0db5ea0b294.webp 200 OK (4ms)
[wrangler:info] GET /assets/brand/header-wordmark.414fb23bd2e3.webp 200 OK (5ms)
[wrangler:info] GET /apple-touch-icon.png 200 OK (3ms)
[wrangler:info] GET / 200 OK (4ms)
[wrangler:info] GET /assets/site.fb5243d5f72f.js 200 OK (6ms)
[wrangler:info] GET /assets/images/rotax-engine-installed-green-covers-800-responsive-400.672b68233439.webp 200 OK (6ms)
[wrangler:info] GET /assets/brand/header-icon.b0db5ea0b294.webp 200 OK (5ms)
[wrangler:info] GET /assets/brand/header-wordmark.414fb23bd2e3.webp 200 OK (4ms)
[wrangler:info] GET /apple-touch-icon.png 200 OK (4ms)
[wrangler:info] GET /assets/images/proof/dynavibe-bad-1-27-ips-800-responsive-400.7eccbeeab39f.webp 200 OK (4ms)
[wrangler:info] GET /assets/images/proof/engine-cage-crack-closeup-before-repair-800-responsive-400.a935e0a9d8e2.webp 200 OK (4ms)
[wrangler:info] GET /assets/images/proof/fuel-tank-borescope-dirty-800-responsive-400.a6319e99b7bb.webp 200 OK (4ms)
[wrangler:info] GET /assets/images/proof/dsub-connector-wiring-close-800-responsive-400.535b91ccecfc.webp 200 OK (2ms)
[wrangler:info] GET /assets/images/proof/aircraft-open-cowling-under-canopy-800-responsive-400.7c41497e88ac.webp 200 OK (4ms)
[wrangler:info] GET / 200 OK (4ms)
[wrangler:info] GET /assets/site.fb5243d5f72f.js 200 OK (4ms)
[wrangler:info] GET /assets/images/rotax-engine-installed-green-covers-800-responsive-400.672b68233439.webp 200 OK (5ms)
[wrangler:info] GET /assets/brand/header-icon.b0db5ea0b294.webp 200 OK (5ms)
[wrangler:info] GET /assets/brand/header-wordmark.414fb23bd2e3.webp 200 OK (6ms)
[wrangler:info] GET /apple-touch-icon.png 200 OK (4ms)
[wrangler:info] GET /assets/images/proof/dynavibe-bad-1-27-ips-800-responsive-400.7eccbeeab39f.webp 200 OK (3ms)
[wrangler:info] GET /assets/images/proof/engine-cage-crack-closeup-before-repair-800-responsive-400.a935e0a9d8e2.webp 200 OK (3ms)
[wrangler:info] GET /assets/images/proof/fuel-tank-borescope-dirty-800-responsive-400.a6319e99b7bb.webp 200 OK (8ms)
[wrangler:info] GET /assets/images/proof/dsub-connector-wiring-close-800-responsive-400.535b91ccecfc.webp 200 OK (4ms)
[wrangler:info] GET /assets/images/proof/aircraft-open-cowling-under-canopy-800-responsive-400.7c41497e88ac.webp 200 OK (4ms)
[wrangler:info] GET / 200 OK (3ms)
[wrangler:info] GET /assets/site.fb5243d5f72f.js 200 OK (5ms)
[wrangler:info] GET /assets/images/rotax-engine-installed-green-covers-800-responsive-400.672b68233439.webp 200 OK (6ms)
[wrangler:info] GET /assets/brand/header-icon.b0db5ea0b294.webp 200 OK (7ms)
[wrangler:info] GET /assets/brand/header-wordmark.414fb23bd2e3.webp 200 OK (7ms)
[wrangler:info] GET /apple-touch-icon.png 200 OK (5ms)
[wrangler:info] GET /assets/images/proof/dynavibe-bad-1-27-ips-800-responsive-400.7eccbeeab39f.webp 200 OK (5ms)
[wrangler:info] GET /assets/images/proof/engine-cage-crack-closeup-before-repair-800-responsive-400.a935e0a9d8e2.webp 200 OK (5ms)
[wrangler:info] GET /assets/images/proof/fuel-tank-borescope-dirty-800-responsive-400.a6319e99b7bb.webp 200 OK (5ms)
[wrangler:info] GET /assets/images/proof/dsub-connector-wiring-close-800-responsive-400.535b91ccecfc.webp 200 OK (3ms)
[wrangler:info] GET /assets/images/proof/aircraft-open-cowling-under-canopy-800-responsive-400.7c41497e88ac.webp 200 OK (5ms)
[wrangler:info] GET /assets/images/rotax-engine-installed-green-covers-800.d2d00550f6bc.webp 200 OK (5ms)
[wrangler:info] GET /assets/images/proof/aircraft-open-cowling-under-canopy-800.76f942ad3352.webp 200 OK (6ms)
[wrangler:info] GET /assets/images/proof/dsub-connector-wiring-close-800.d03d2d8fa06b.webp 200 OK (8ms)
[wrangler:info] GET /assets/images/proof/engine-cage-crack-closeup-before-repair-800.9603c885e2bd.webp 200 OK (9ms)
[wrangler:info] GET /assets/images/proof/fuel-tank-borescope-dirty-800.6a9ab18d0e87.webp 200 OK (8ms)
[wrangler:info] GET /assets/images/proof/dynavibe-bad-1-27-ips-800.368614257668.webp 200 OK (11ms)
[wrangler:info] GET / 200 OK (3ms)
[wrangler:info] GET /assets/site.fb5243d5f72f.js 200 OK (3ms)
[wrangler:info] GET /assets/images/rotax-engine-installed-green-covers-800.d2d00550f6bc.webp 200 OK (7ms)
[wrangler:info] GET /assets/brand/header-icon.b0db5ea0b294.webp 200 OK (8ms)
[wrangler:info] GET /assets/brand/header-wordmark.414fb23bd2e3.webp 200 OK (5ms)
[wrangler:info] GET /apple-touch-icon.png 200 OK (3ms)
[wrangler:info] GET /assets/images/proof/dynavibe-bad-1-27-ips-800.368614257668.webp 200 OK (6ms)
[wrangler:info] GET /assets/images/proof/engine-cage-crack-closeup-before-repair-800.9603c885e2bd.webp 200 OK (5ms)
[wrangler:info] GET /assets/images/proof/fuel-tank-borescope-dirty-800.6a9ab18d0e87.webp 200 OK (7ms)
[wrangler:info] GET /assets/images/proof/dsub-connector-wiring-close-800.d03d2d8fa06b.webp 200 OK (8ms)
[wrangler:info] GET /assets/images/proof/aircraft-open-cowling-under-canopy-800.76f942ad3352.webp 200 OK (3ms)
[wrangler:info] GET / 200 OK (3ms)
[wrangler:info] GET /assets/site.fb5243d5f72f.js 200 OK (5ms)
[wrangler:info] GET /assets/images/rotax-engine-installed-green-covers-800.d2d00550f6bc.webp 200 OK (8ms)
[wrangler:info] GET /assets/brand/header-icon.b0db5ea0b294.webp 200 OK (11ms)
[wrangler:info] GET /assets/brand/header-wordmark.414fb23bd2e3.webp 200 OK (10ms)
[wrangler:info] GET /apple-touch-icon.png 200 OK (4ms)
[wrangler:info] GET /assets/images/proof/dynavibe-bad-1-27-ips-800.368614257668.webp 200 OK (6ms)
[wrangler:info] GET /assets/images/proof/engine-cage-crack-closeup-before-repair-800.9603c885e2bd.webp 200 OK (4ms)
[wrangler:info] GET /assets/images/proof/fuel-tank-borescope-dirty-800.6a9ab18d0e87.webp 200 OK (4ms)
[wrangler:info] GET /assets/images/proof/dsub-connector-wiring-close-800.d03d2d8fa06b.webp 200 OK (4ms)
[wrangler:info] GET /assets/images/proof/aircraft-open-cowling-under-canopy-800.76f942ad3352.webp 200 OK (3ms)
[wrangler:info] GET / 200 OK (6ms)
[wrangler:info] GET /assets/site.fb5243d5f72f.js 200 OK (5ms)
[wrangler:info] GET /assets/images/rotax-engine-installed-green-covers-800.d2d00550f6bc.webp 200 OK (5ms)
[wrangler:info] GET /assets/brand/header-icon.b0db5ea0b294.webp 200 OK (5ms)
[wrangler:info] GET /assets/brand/header-wordmark.414fb23bd2e3.webp 200 OK (4ms)
[wrangler:info] GET /apple-touch-icon.png 200 OK (3ms)
[wrangler:info] GET /assets/images/proof/dynavibe-bad-1-27-ips-800.368614257668.webp 200 OK (5ms)
[wrangler:info] GET /assets/images/proof/engine-cage-crack-closeup-before-repair-800.9603c885e2bd.webp 200 OK (6ms)
[wrangler:info] GET /assets/images/proof/fuel-tank-borescope-dirty-800.6a9ab18d0e87.webp 200 OK (6ms)
[wrangler:info] GET /assets/images/proof/dsub-connector-wiring-close-800.d03d2d8fa06b.webp 200 OK (7ms)
[wrangler:info] GET /assets/images/proof/aircraft-open-cowling-under-canopy-800.76f942ad3352.webp 200 OK (6ms)
[wrangler:info] GET /assets/images/proof/engine-cage-crack-closeup-before-repair-800-responsive-400.a935e0a9d8e2.webp 200 OK (10ms)
[wrangler:info] GET /assets/images/rotax-engine-installed-green-covers-800-responsive-400.672b68233439.webp 200 OK (11ms)
[wrangler:info] GET /card 200 OK (12ms)
[wrangler:info] GET /assets/images/proof/aircraft-open-cowling-under-canopy-800-responsive-400.7c41497e88ac.webp 200 OK (11ms)
[wrangler:info] GET /assets/site.fb5243d5f72f.js 200 OK (8ms)
[wrangler:info] GET /assets/brand/header-icon.b0db5ea0b294.webp 200 OK (8ms)
[wrangler:info] GET /assets/brand/header-wordmark.414fb23bd2e3.webp 200 OK (6ms)
[wrangler:info] GET /apple-touch-icon.png 200 OK (5ms)
[wrangler:info] GET /card 200 OK (4ms)
[wrangler:info] GET /assets/site.fb5243d5f72f.js 200 OK (4ms)
[wrangler:info] GET /assets/brand/header-icon.b0db5ea0b294.webp 200 OK (4ms)
[wrangler:info] GET /assets/brand/header-wordmark.414fb23bd2e3.webp 200 OK (5ms)
[wrangler:info] GET /apple-touch-icon.png 200 OK (3ms)
[wrangler:info] GET /card 200 OK (5ms)
[wrangler:info] GET /assets/site.fb5243d5f72f.js 200 OK (4ms)
[wrangler:info] GET /assets/brand/header-icon.b0db5ea0b294.webp 200 OK (5ms)
[wrangler:info] GET /assets/brand/header-wordmark.414fb23bd2e3.webp 200 OK (4ms)
[wrangler:info] GET /apple-touch-icon.png 200 OK (3ms)
[wrangler:info] GET /card 200 OK (5ms)
[wrangler:info] GET /assets/site.fb5243d5f72f.js 200 OK (3ms)
[wrangler:info] GET /assets/brand/header-icon.b0db5ea0b294.webp 200 OK (4ms)
[wrangler:info] GET /assets/brand/header-wordmark.414fb23bd2e3.webp 200 OK (4ms)
[wrangler:info] GET /apple-touch-icon.png 200 OK (4ms)
[wrangler:info] GET /card 200 OK (4ms)
[wrangler:info] GET /assets/site.fb5243d5f72f.js 200 OK (6ms)
[wrangler:info] GET /assets/brand/header-icon.b0db5ea0b294.webp 200 OK (7ms)
[wrangler:info] GET /assets/brand/header-wordmark.414fb23bd2e3.webp 200 OK (7ms)
[wrangler:info] GET /apple-touch-icon.png 200 OK (3ms)
[wrangler:info] GET /card 200 OK (3ms)
[wrangler:info] GET /assets/site.fb5243d5f72f.js 200 OK (5ms)
[wrangler:info] GET /assets/brand/header-icon.b0db5ea0b294.webp 200 OK (5ms)
[wrangler:info] GET /assets/brand/header-wordmark.414fb23bd2e3.webp 200 OK (5ms)
[wrangler:info] GET /apple-touch-icon.png 200 OK (6ms)
[wrangler:info] GET /e-props-dealer-support 200 OK (4ms)
[wrangler:info] GET /assets/site.fb5243d5f72f.js 200 OK (4ms)
[wrangler:info] GET /assets/brand/header-icon.b0db5ea0b294.webp 200 OK (5ms)
[wrangler:info] GET /assets/brand/header-wordmark.414fb23bd2e3.webp 200 OK (5ms)
[wrangler:info] GET /apple-touch-icon.png 200 OK (4ms)
[wrangler:info] GET /assets/images/proof/eprops-engineering-packet-fanout-1200-clean-responsive-400.7504bb6cef93.webp 200 OK (3ms)
[wrangler:info] GET /assets/images/proof/eprops-install-checklist-preview-1200-responsive-400.503e8e1190d1.webp 200 OK (3ms)
[wrangler:info] GET /assets/images/proof/eprops-aircraft-closeup-sky-ranger-1200-responsive-400.7785df50cbf7.webp 200 OK (3ms)
[wrangler:info] GET /assets/images/proof/eprops-blade-damage-closeup-800-responsive-400.0009fb9a57f4.webp 200 OK (3ms)
[wrangler:info] GET /e-props-dealer-support 200 OK (3ms)
[wrangler:info] GET /assets/site.fb5243d5f72f.js 200 OK (4ms)
[wrangler:info] GET /assets/brand/header-icon.b0db5ea0b294.webp 200 OK (4ms)
[wrangler:info] GET /assets/brand/header-wordmark.414fb23bd2e3.webp 200 OK (5ms)
[wrangler:info] GET /apple-touch-icon.png 200 OK (3ms)
[wrangler:info] GET /assets/images/proof/eprops-engineering-packet-fanout-1200-clean-responsive-400.7504bb6cef93.webp 200 OK (4ms)
[wrangler:info] GET /assets/images/proof/eprops-install-checklist-preview-1200-responsive-400.503e8e1190d1.webp 200 OK (4ms)
[wrangler:info] GET /assets/images/proof/eprops-aircraft-closeup-sky-ranger-1200-responsive-400.7785df50cbf7.webp 200 OK (5ms)
[wrangler:info] GET /assets/images/proof/eprops-blade-damage-closeup-800-responsive-400.0009fb9a57f4.webp 200 OK (3ms)
[wrangler:info] GET /e-props-dealer-support 200 OK (3ms)
[wrangler:info] GET /assets/site.fb5243d5f72f.js 200 OK (4ms)
[wrangler:info] GET /assets/brand/header-icon.b0db5ea0b294.webp 200 OK (5ms)
[wrangler:info] GET /assets/brand/header-wordmark.414fb23bd2e3.webp 200 OK (6ms)
[wrangler:info] GET /apple-touch-icon.png 200 OK (3ms)
[wrangler:info] GET /assets/images/proof/eprops-engineering-packet-fanout-1200-clean-responsive-400.7504bb6cef93.webp 200 OK (3ms)
[wrangler:info] GET /assets/images/proof/eprops-install-checklist-preview-1200-responsive-400.503e8e1190d1.webp 200 OK (3ms)
[wrangler:info] GET /assets/images/proof/eprops-aircraft-closeup-sky-ranger-1200-responsive-400.7785df50cbf7.webp 200 OK (4ms)
[wrangler:info] GET /assets/images/proof/eprops-blade-damage-closeup-800-responsive-400.0009fb9a57f4.webp 200 OK (3ms)
[wrangler:info] GET /assets/images/proof/eprops-engineering-packet-fanout-1200-clean.a276129cd427.webp 200 OK (4ms)
[wrangler:info] GET /assets/images/proof/eprops-aircraft-closeup-sky-ranger-1200.e528244af6fb.webp 200 OK (5ms)
[wrangler:info] GET /assets/images/proof/eprops-install-checklist-preview-1200.ed787e002be1.webp 200 OK (5ms)
[wrangler:info] GET /assets/images/proof/eprops-blade-damage-closeup-800.4e782a9a1125.webp 200 OK (6ms)
[wrangler:info] GET /e-props-dealer-support 200 OK (5ms)
[wrangler:info] GET /assets/site.fb5243d5f72f.js 200 OK (6ms)
[wrangler:info] GET /assets/brand/header-icon.b0db5ea0b294.webp 200 OK (7ms)
[wrangler:info] GET /assets/brand/header-wordmark.414fb23bd2e3.webp 200 OK (7ms)
[wrangler:info] GET /assets/images/proof/eprops-engineering-packet-fanout-1200-clean.a276129cd427.webp 200 OK (6ms)
[wrangler:info] GET /assets/images/proof/eprops-install-checklist-preview-1200.ed787e002be1.webp 200 OK (6ms)
[wrangler:info] GET /apple-touch-icon.png 200 OK (4ms)
[wrangler:info] GET /assets/images/proof/eprops-aircraft-closeup-sky-ranger-1200.e528244af6fb.webp 200 OK (3ms)
[wrangler:info] GET /assets/images/proof/eprops-blade-damage-closeup-800.4e782a9a1125.webp 200 OK (4ms)
[wrangler:info] GET /e-props-dealer-support 200 OK (4ms)
[wrangler:info] GET /assets/site.fb5243d5f72f.js 200 OK (3ms)
[wrangler:info] GET /assets/brand/header-icon.b0db5ea0b294.webp 200 OK (3ms)
[wrangler:info] GET /assets/brand/header-wordmark.414fb23bd2e3.webp 200 OK (4ms)
[wrangler:info] GET /assets/images/proof/eprops-engineering-packet-fanout-1200-clean.a276129cd427.webp 200 OK (4ms)
[wrangler:info] GET /assets/images/proof/eprops-install-checklist-preview-1200.ed787e002be1.webp 200 OK (4ms)
[wrangler:info] GET /apple-touch-icon.png 200 OK (3ms)
[wrangler:info] GET /assets/images/proof/eprops-aircraft-closeup-sky-ranger-1200.e528244af6fb.webp 200 OK (3ms)
[wrangler:info] GET /assets/images/proof/eprops-blade-damage-closeup-800.4e782a9a1125.webp 200 OK (10ms)
[wrangler:info] GET /e-props-dealer-support 200 OK (4ms)
[wrangler:info] GET /assets/site.fb5243d5f72f.js 200 OK (9ms)
[wrangler:info] GET /assets/brand/header-icon.b0db5ea0b294.webp 200 OK (8ms)
[wrangler:info] GET /assets/brand/header-wordmark.414fb23bd2e3.webp 200 OK (8ms)
[wrangler:info] GET /assets/images/proof/eprops-engineering-packet-fanout-1200-clean.a276129cd427.webp 200 OK (8ms)
[wrangler:info] GET /assets/images/proof/eprops-install-checklist-preview-1200.ed787e002be1.webp 200 OK (10ms)
[wrangler:info] GET /apple-touch-icon.png 200 OK (4ms)
[wrangler:info] GET /assets/images/proof/eprops-aircraft-closeup-sky-ranger-1200.e528244af6fb.webp 200 OK (4ms)
[wrangler:info] GET /assets/images/proof/eprops-blade-damage-closeup-800.4e782a9a1125.webp 200 OK (3ms)
[wrangler:info] GET /assets/images/proof/eprops-blade-damage-closeup-800-responsive-400.0009fb9a57f4.webp 200 OK (9ms)
[wrangler:info] GET /assets/images/proof/eprops-aircraft-closeup-sky-ranger-1200-responsive-400.7785df50cbf7.webp 200 OK (10ms)
[wrangler:info] GET /assets/images/proof/eprops-install-checklist-preview-1200-responsive-400.503e8e1190d1.webp 200 OK (9ms)
[wrangler:info] GET /assets/images/proof/eprops-engineering-packet-fanout-1200-clean-responsive-400.7504bb6cef93.webp 200 OK (8ms)
[wrangler:info] GET /rotax-turbocharger-notice 200 OK (7ms)
[wrangler:info] GET /assets/site.fb5243d5f72f.js 200 OK (4ms)
[wrangler:info] GET /assets/brand/header-icon.b0db5ea0b294.webp 200 OK (5ms)
[wrangler:info] GET /assets/brand/header-wordmark.414fb23bd2e3.webp 200 OK (6ms)
[wrangler:info] GET /apple-touch-icon.png 200 OK (3ms)
[wrangler:info] GET /rotax-turbocharger-notice 200 OK (3ms)
[wrangler:info] GET /assets/site.fb5243d5f72f.js 200 OK (3ms)
[wrangler:info] GET /assets/brand/header-icon.b0db5ea0b294.webp 200 OK (4ms)
[wrangler:info] GET /assets/brand/header-wordmark.414fb23bd2e3.webp 200 OK (4ms)
[wrangler:info] GET /apple-touch-icon.png 200 OK (4ms)
[wrangler:info] GET /rotax-turbocharger-notice 200 OK (3ms)
[wrangler:info] GET /assets/site.fb5243d5f72f.js 200 OK (4ms)
[wrangler:info] GET /assets/brand/header-icon.b0db5ea0b294.webp 200 OK (4ms)
[wrangler:info] GET /assets/brand/header-wordmark.414fb23bd2e3.webp 200 OK (5ms)
[wrangler:info] GET /apple-touch-icon.png 200 OK (3ms)
[wrangler:info] GET /rotax-turbocharger-notice 200 OK (3ms)
[wrangler:info] GET /assets/site.fb5243d5f72f.js 200 OK (6ms)
[wrangler:info] GET /assets/brand/header-icon.b0db5ea0b294.webp 200 OK (6ms)
[wrangler:info] GET /assets/brand/header-wordmark.414fb23bd2e3.webp 200 OK (5ms)
[wrangler:info] GET /apple-touch-icon.png 200 OK (3ms)
[wrangler:info] GET /rotax-turbocharger-notice 200 OK (4ms)
[wrangler:info] GET /assets/site.fb5243d5f72f.js 200 OK (4ms)
[wrangler:info] GET /assets/brand/header-icon.b0db5ea0b294.webp 200 OK (4ms)
[wrangler:info] GET /assets/brand/header-wordmark.414fb23bd2e3.webp 200 OK (4ms)
[wrangler:info] GET /apple-touch-icon.png 200 OK (3ms)
[wrangler:info] GET /rotax-turbocharger-notice 200 OK (4ms)
[wrangler:info] GET /assets/site.fb5243d5f72f.js 200 OK (3ms)
[wrangler:info] GET /assets/brand/header-icon.b0db5ea0b294.webp 200 OK (5ms)
[wrangler:info] GET /assets/brand/header-wordmark.414fb23bd2e3.webp 200 OK (4ms)
[wrangler:info] GET /apple-touch-icon.png 200 OK (3ms)
[wrangler:info] GET /support-request 200 OK (3ms)
[wrangler:info] GET /assets/site.fb5243d5f72f.js 200 OK (4ms)
[wrangler:info] GET /assets/brand/header-icon.b0db5ea0b294.webp 200 OK (6ms)
[wrangler:info] GET /assets/brand/header-wordmark.414fb23bd2e3.webp 200 OK (6ms)
[wrangler:info] GET /apple-touch-icon.png 200 OK (4ms)
[wrangler:info] GET /support-request 200 OK (4ms)
[wrangler:info] GET /assets/site.fb5243d5f72f.js 200 OK (4ms)
[wrangler:info] GET /assets/brand/header-icon.b0db5ea0b294.webp 200 OK (4ms)
[wrangler:info] GET /assets/brand/header-wordmark.414fb23bd2e3.webp 200 OK (4ms)
[wrangler:info] GET /apple-touch-icon.png 200 OK (4ms)
[wrangler:info] GET / 200 OK (4ms)
[wrangler:info] GET /assets/site.fb5243d5f72f.js 200 OK (7ms)
[wrangler:info] GET /assets/images/rotax-engine-installed-green-covers-800.d2d00550f6bc.webp 200 OK (6ms)
[wrangler:info] GET /assets/brand/header-icon.b0db5ea0b294.webp 200 OK (6ms)
[wrangler:info] GET /assets/brand/header-wordmark.414fb23bd2e3.webp 200 OK (6ms)
[wrangler:info] GET /apple-touch-icon.png 200 OK (4ms)
[wrangler:info] GET /support-request 200 OK (4ms)
[wrangler:info] GET /assets/site.fb5243d5f72f.js 200 OK (7ms)
[wrangler:info] GET /assets/brand/header-icon.b0db5ea0b294.webp 200 OK (7ms)
[wrangler:info] GET /assets/brand/header-wordmark.414fb23bd2e3.webp 200 OK (7ms)
[wrangler:info] GET /apple-touch-icon.png 200 OK (4ms)
[wrangler:info] GET /card 200 OK (7ms)
[wrangler:info] GET /assets/site.fb5243d5f72f.js 200 OK (4ms)
[wrangler:info] GET /assets/brand/header-icon.b0db5ea0b294.webp 200 OK (3ms)
[wrangler:info] GET /assets/brand/header-wordmark.414fb23bd2e3.webp 200 OK (4ms)
[wrangler:info] GET /apple-touch-icon.png 200 OK (4ms)
[wrangler:info] GET /support-request 200 OK (4ms)
[wrangler:info] GET /assets/site.fb5243d5f72f.js 200 OK (3ms)
[wrangler:info] GET /assets/brand/header-icon.b0db5ea0b294.webp 200 OK (4ms)
[wrangler:info] GET /assets/brand/header-wordmark.414fb23bd2e3.webp 200 OK (5ms)
[wrangler:info] GET /apple-touch-icon.png 200 OK (3ms)
[wrangler:info] GET / 200 OK (4ms)
[wrangler:info] GET /assets/site.fb5243d5f72f.js 200 OK (4ms)
[wrangler:info] GET /assets/images/rotax-engine-installed-green-covers-800-responsive-400.672b68233439.webp 200 OK (6ms)
[wrangler:info] GET /assets/brand/header-icon.b0db5ea0b294.webp 200 OK (6ms)
[wrangler:info] GET /assets/brand/header-wordmark.414fb23bd2e3.webp 200 OK (7ms)
[wrangler:info] GET /apple-touch-icon.png 200 OK (3ms)
[wrangler:info] GET /faq 200 OK (3ms)
[wrangler:info] GET /assets/site.fb5243d5f72f.js 200 OK (6ms)
[wrangler:info] GET /assets/brand/header-icon.b0db5ea0b294.webp 200 OK (3ms)
[wrangler:info] GET /assets/brand/header-wordmark.414fb23bd2e3.webp 200 OK (3ms)
[wrangler:info] GET /apple-touch-icon.png 200 OK (5ms)
